job_id,strategy,lookback,holding,skip_recent,top_pct,direction,sharpe,annual_return,max_drawdown,win_rate,n_trades
534,ma_cross,42,5,0,0.1,long_only,1.2348,0.2781,-0.3038,0.5422,828
528,ma_cross,42,1,0,0.1,long_only,1.2099,0.2729,-0.3042,0.5436,4140
126,momentum,63,21,21,0.1,long_only,1.2061,0.2703,-0.29,0.5535,198
78,momentum,42,21,21,0.1,long_only,1.2061,0.2645,-0.3495,0.547,198
740,rsi_reversal,126,63,0,0.2,long_only,1.2033,0.2303,-0.3504,0.5399,66
732,rsi_reversal,126,21,0,0.1,long_only,1.1991,0.2614,-0.4391,0.533,198
162,momentum,126,5,21,0.1,long_only,1.1921,0.2729,-0.3704,0.5432,828
664,rsi_reversal,21,21,0,0.3,long_only,1.1904,0.2228,-0.3654,0.5533,198
146,momentum,126,1,0,0.2,long_only,1.1882,0.221,-0.3039,0.5487,4140
158,momentum,126,5,0,0.2,long_only,1.1873,0.2238,-0.3213,0.5497,828
164,momentum,126,5,21,0.2,long_only,1.1855,0.2347,-0.3485,0.5439,828
540,ma_cross,42,21,0,0.1,long_only,1.1841,0.2734,-0.2922,0.5381,198
392,vol_adj_mom,126,1,21,0.2,long_only,1.1794,0.2071,-0.3469,0.5472,4140
738,rsi_reversal,126,63,0,0.1,long_only,1.1765,0.2514,-0.3327,0.5306,66
710,rsi_reversal,63,21,0,0.2,long_only,1.1722,0.2323,-0.3858,0.5456,198
156,momentum,126,5,0,0.1,long_only,1.1717,0.2568,-0.3184,0.5449,828
538,ma_cross,42,5,0,0.3,long_only,1.1613,0.2093,-0.3373,0.54,828
712,rsi_reversal,63,21,0,0.3,long_only,1.1592,0.2212,-0.3575,0.5468,198
662,rsi_reversal,21,21,0,0.2,long_only,1.1577,0.2224,-0.3879,0.5543,198
530,ma_cross,42,1,0,0.2,long_only,1.1563,0.2232,-0.3364,0.5436,4140
398,vol_adj_mom,126,5,0,0.2,long_only,1.1557,0.196,-0.3236,0.5437,828
160,momentum,126,5,0,0.3,long_only,1.1501,0.2029,-0.3381,0.5444,828
80,momentum,42,21,21,0.2,long_only,1.1499,0.2233,-0.3535,0.5533,198
378,vol_adj_mom,63,63,21,0.1,long_only,1.1494,0.2275,-0.381,0.5443,66
396,vol_adj_mom,126,5,0,0.1,long_only,1.1483,0.2115,-0.3093,0.5422,828
408,vol_adj_mom,126,21,0,0.1,long_only,1.1472,0.2165,-0.301,0.5446,198
152,momentum,126,1,21,0.2,long_only,1.1443,0.2261,-0.3573,0.5434,4140
438,vol_adj_mom,252,1,21,0.1,long_only,1.143,0.2285,-0.3155,0.5347,4140
734,rsi_reversal,126,21,0,0.2,long_only,1.1426,0.2266,-0.3816,0.5405,198
404,vol_adj_mom,126,5,21,0.2,long_only,1.142,0.2021,-0.3307,0.5441,828
532,ma_cross,42,1,0,0.3,long_only,1.1377,0.2044,-0.3348,0.5417,4140
166,momentum,126,5,21,0.3,long_only,1.1351,0.2093,-0.3503,0.5451,828
366,vol_adj_mom,63,21,21,0.1,long_only,1.1345,0.2134,-0.2852,0.5504,198
688,rsi_reversal,42,21,0,0.3,long_only,1.1318,0.214,-0.3636,0.5475,198
120,momentum,63,21,0,0.1,long_only,1.1289,0.2426,-0.2866,0.547,198
150,momentum,126,1,21,0.1,long_only,1.1288,0.2564,-0.3596,0.5402,4140
198,momentum,252,1,21,0.1,long_only,1.1278,0.2726,-0.3437,0.5269,4140
558,ma_cross,63,5,0,0.1,long_only,1.127,0.2678,-0.3326,0.5253,828
536,ma_cross,42,5,0,0.2,long_only,1.1261,0.2188,-0.3361,0.5429,828
390,vol_adj_mom,126,1,21,0.1,long_only,1.1217,0.2113,-0.3101,0.5402,4140
450,vol_adj_mom,252,5,21,0.1,long_only,1.1212,0.2254,-0.3248,0.534,828
668,rsi_reversal,21,63,0,0.2,long_only,1.1183,0.21,-0.3015,0.5377,66
176,momentum,126,21,21,0.2,long_only,1.1179,0.2245,-0.3454,0.5448,198
542,ma_cross,42,21,0,0.2,long_only,1.1175,0.221,-0.3255,0.541,198
728,rsi_reversal,126,5,0,0.2,long_only,1.1175,0.2244,-0.3767,0.5354,828
718,rsi_reversal,63,63,0,0.3,long_only,1.1144,0.2069,-0.3182,0.5436,66
736,rsi_reversal,126,21,0,0.3,long_only,1.1125,0.2117,-0.37,0.5352,198
170,momentum,126,21,0,0.2,long_only,1.112,0.2169,-0.3469,0.5441,198
564,ma_cross,63,21,0,0.1,long_only,1.1106,0.2658,-0.3415,0.5212,198
130,momentum,63,21,21,0.3,long_only,1.1105,0.2031,-0.3233,0.5574,198
640,rsi_reversal,10,21,0,0.3,long_only,1.1102,0.2043,-0.3793,0.5528,198
168,momentum,126,21,0,0.1,long_only,1.1096,0.2507,-0.3419,0.541,198
552,ma_cross,63,1,0,0.1,long_only,1.1095,0.2627,-0.3354,0.5274,4140
686,rsi_reversal,42,21,0,0.2,long_only,1.1095,0.2163,-0.3692,0.5412,198
180,momentum,126,63,0,0.1,long_only,1.1087,0.2603,-0.337,0.5436,66
148,momentum,126,1,0,0.3,long_only,1.1079,0.1933,-0.3298,0.5446,4140
742,rsi_reversal,126,63,0,0.3,long_only,1.1064,0.2036,-0.3468,0.5368,66
586,ma_cross,126,5,0,0.3,long_only,1.1045,0.2008,-0.3132,0.5023,828
372,vol_adj_mom,63,63,0,0.1,long_only,1.1039,0.2186,-0.3777,0.5556,66
172,momentum,126,21,0,0.3,long_only,1.1036,0.2013,-0.3421,0.5453,198
178,momentum,126,21,21,0.3,long_only,1.1035,0.2061,-0.3516,0.5463,198
726,rsi_reversal,126,5,0,0.1,long_only,1.1022,0.2444,-0.4435,0.5337,828
592,ma_cross,126,21,0,0.3,long_only,1.1022,0.2006,-0.3063,0.5006,198
580,ma_cross,126,1,0,0.3,long_only,1.1007,0.2,-0.3131,0.5013,4140
200,momentum,252,1,21,0.2,long_only,1.0988,0.2252,-0.341,0.532,4140
184,momentum,126,63,0,0.3,long_only,1.0985,0.2075,-0.3507,0.546,66
636,rsi_reversal,10,21,0,0.1,long_only,1.0973,0.216,-0.3949,0.5468,198
638,rsi_reversal,10,21,0,0.2,long_only,1.0971,0.2083,-0.3947,0.5514,198
430,vol_adj_mom,126,63,21,0.3,long_only,1.0968,0.1942,-0.3427,0.5477,66
82,momentum,42,21,21,0.3,long_only,1.0966,0.2013,-0.3483,0.5547,198
406,vol_adj_mom,126,5,21,0.3,long_only,1.0939,0.1877,-0.335,0.5478,828
368,vol_adj_mom,63,21,21,0.2,long_only,1.0937,0.193,-0.3149,0.5567,198
128,momentum,63,21,21,0.2,long_only,1.0933,0.2131,-0.3247,0.5591,198
412,vol_adj_mom,126,21,0,0.3,long_only,1.0928,0.1859,-0.3357,0.5431,198
154,momentum,126,1,21,0.3,long_only,1.0923,0.2007,-0.3476,0.5465,4140
144,momentum,126,1,0,0.1,long_only,1.092,0.2372,-0.3065,0.5376,4140
190,momentum,126,63,21,0.3,long_only,1.0915,0.2089,-0.3565,0.5453,66
544,ma_cross,42,21,0,0.3,long_only,1.0908,0.2002,-0.3505,0.54,198
424,vol_adj_mom,126,63,0,0.3,long_only,1.0896,0.1938,-0.3575,0.5473,66
440,vol_adj_mom,252,1,21,0.2,long_only,1.0878,0.1963,-0.3171,0.5315,4140
400,vol_adj_mom,126,5,0,0.3,long_only,1.0872,0.1808,-0.3335,0.5415,828
188,momentum,126,63,21,0.2,long_only,1.0867,0.2221,-0.3441,0.5443,66
42,momentum,21,63,0,0.1,long_only,1.0866,0.2292,-0.3386,0.5463,66
386,vol_adj_mom,126,1,0,0.2,long_only,1.0862,0.1824,-0.3042,0.5448,4140
140,momentum,63,63,21,0.2,long_only,1.0852,0.2184,-0.369,0.557,66
174,momentum,126,21,21,0.1,long_only,1.0849,0.25,-0.3152,0.5415,198
670,rsi_reversal,21,63,0,0.3,long_only,1.084,0.1986,-0.3117,0.5355,66
142,momentum,63,63,21,0.3,long_only,1.0831,0.2021,-0.3586,0.5507,66
722,rsi_reversal,126,1,0,0.2,long_only,1.0818,0.2182,-0.3869,0.5337,4140
384,vol_adj_mom,126,1,0,0.1,long_only,1.0809,0.196,-0.2777,0.5344,4140
132,momentum,63,63,0,0.1,long_only,1.0808,0.2463,-0.3391,0.548,66
370,vol_adj_mom,63,21,21,0.3,long_only,1.0791,0.1868,-0.3151,0.5502,198
360,vol_adj_mom,63,21,0,0.1,long_only,1.0768,0.1987,-0.2713,0.5518,198
380,vol_adj_mom,63,63,21,0.2,long_only,1.0746,0.1951,-0.3395,0.5463,66
716,rsi_reversal,63,63,0,0.2,long_only,1.0732,0.2057,-0.3078,0.5421,66
114,momentum,63,5,21,0.1,long_only,1.0727,0.2396,-0.3188,0.5439,828
138,momentum,63,63,21,0.1,long_only,1.0704,0.2473,-0.3698,0.5477,66
402,vol_adj_mom,126,5,21,0.1,long_only,1.0701,0.2041,-0.3186,0.5422,828
590,ma_cross,126,21,0,0.2,long_only,1.0701,0.2141,-0.3279,0.497,198
452,vol_adj_mom,252,5,21,0.2,long_only,1.0697,0.1944,-0.329,0.5311,828
208,momentum,252,5,0,0.3,long_only,1.0691,0.1951,-0.3311,0.5349,828
588,ma_cross,126,21,0,0.1,long_only,1.069,0.2525,-0.318,0.4941,198
526,ma_cross,21,63,0,0.3,long_only,1.067,0.1956,-0.344,0.548,66
462,vol_adj_mom,252,21,21,0.1,long_only,1.0643,0.2133,-0.3163,0.5325,198
418,vol_adj_mom,126,21,21,0.3,long_only,1.0631,0.1847,-0.3559,0.5448,198
212,momentum,252,5,21,0.2,long_only,1.0631,0.2187,-0.341,0.5287,828
416,vol_adj_mom,126,21,21,0.2,long_only,1.063,0.1898,-0.3348,0.5456,198
510,ma_cross,21,5,0,0.1,long_only,1.0629,0.2266,-0.2887,0.5374,828
210,momentum,252,5,21,0.1,long_only,1.0621,0.2573,-0.3487,0.5226,828
382,vol_adj_mom,63,63,21,0.3,long_only,1.0618,0.1889,-0.3472,0.5495,66
576,ma_cross,126,1,0,0.1,long_only,1.0589,0.251,-0.3334,0.495,4140
364,vol_adj_mom,63,21,0,0.3,long_only,1.0559,0.1784,-0.3061,0.5577,198
394,vol_adj_mom,126,1,21,0.3,long_only,1.0556,0.1801,-0.347,0.5397,4140
584,ma_cross,126,5,0,0.2,long_only,1.0555,0.2109,-0.3344,0.497,828
388,vol_adj_mom,126,1,0,0.3,long_only,1.055,0.1737,-0.3174,0.5439,4140
516,ma_cross,21,21,0,0.1,long_only,1.0547,0.2334,-0.3031,0.5402,198
204,momentum,252,5,0,0.1,long_only,1.0539,0.2457,-0.3512,0.5238,828
202,momentum,252,1,21,0.3,long_only,1.0535,0.1992,-0.3518,0.5313,4140
598,ma_cross,126,63,0,0.3,long_only,1.0522,0.1913,-0.3099,0.4987,66
112,momentum,63,5,0,0.3,long_only,1.0507,0.1834,-0.311,0.5468,828
730,rsi_reversal,126,5,0,0.3,long_only,1.0507,0.203,-0.3588,0.5349,828
122,momentum,63,21,0,0.2,long_only,1.0505,0.2001,-0.2901,0.555,198
182,momentum,126,63,0,0.2,long_only,1.0501,0.2122,-0.3303,0.5475,66
578,ma_cross,126,1,0,0.2,long_only,1.0492,0.2097,-0.3321,0.497,4140
226,momentum,252,21,21,0.3,long_only,1.045,0.1987,-0.3407,0.5315,198
464,vol_adj_mom,252,21,21,0.2,long_only,1.0448,0.19,-0.3357,0.5347,198
74,momentum,42,21,0,0.2,long_only,1.0446,0.1957,-0.3039,0.5514,198
694,rsi_reversal,42,63,0,0.3,long_only,1.0444,0.1963,-0.3341,0.5411,66
432,vol_adj_mom,252,1,0,0.1,long_only,1.0442,0.2006,-0.3241,0.5274,4140
216,momentum,252,21,0,0.1,long_only,1.0441,0.2503,-0.3448,0.5284,198
554,ma_cross,63,1,0,0.2,long_only,1.0437,0.2098,-0.3399,0.5267,4140
524,ma_cross,21,63,0,0.2,long_only,1.0433,0.2046,-0.3174,0.5414,66
206,momentum,252,5,0,0.2,long_only,1.0423,0.2076,-0.3409,0.5335,828
484,ma_cross,10,1,0,0.3,long_only,1.0422,0.1793,-0.3204,0.5494,4140
196,momentum,252,1,0,0.3,long_only,1.0417,0.1889,-0.346,0.533,4140
522,ma_cross,21,63,0,0.1,long_only,1.0417,0.2386,-0.3195,0.5404,66
724,rsi_reversal,126,1,0,0.3,long_only,1.0413,0.2029,-0.3685,0.5291,4140
490,ma_cross,10,5,0,0.3,long_only,1.04,0.18,-0.3186,0.5502,828
286,vol_adj_mom,21,63,0,0.3,long_only,1.0398,0.1764,-0.3259,0.5531,66
322,vol_adj_mom,42,21,21,0.3,long_only,1.0387,0.1781,-0.3447,0.5492,198
10,momentum,10,5,0,0.3,long_only,1.0384,0.1808,-0.2918,0.5509,828
720,rsi_reversal,126,1,0,0.1,long_only,1.0384,0.2304,-0.4519,0.5294,4140
192,momentum,252,1,0,0.1,long_only,1.0381,0.2411,-0.3637,0.5236,4140
444,vol_adj_mom,252,5,0,0.1,long_only,1.0364,0.2014,-0.3254,0.5262,828
94,momentum,42,63,21,0.3,long_only,1.0362,0.188,-0.3002,0.5519,66
352,vol_adj_mom,63,5,0,0.3,long_only,1.0361,0.1717,-0.3117,0.5502,828
704,rsi_reversal,63,5,0,0.2,long_only,1.0357,0.2093,-0.3895,0.5427,828
520,ma_cross,21,21,0,0.3,long_only,1.0346,0.1866,-0.3293,0.5535,198
546,ma_cross,42,63,0,0.1,long_only,1.0345,0.2437,-0.337,0.5326,66
222,momentum,252,21,21,0.1,long_only,1.0329,0.2525,-0.3464,0.527,198
220,momentum,252,21,0,0.3,long_only,1.0323,0.1926,-0.3499,0.5284,198
186,momentum,126,63,21,0.1,long_only,1.0321,0.2406,-0.3363,0.5404,66
706,rsi_reversal,63,5,0,0.3,long_only,1.0316,0.2005,-0.3811,0.5412,828
466,vol_adj_mom,252,21,21,0.3,long_only,1.0316,0.1804,-0.3217,0.5337,198
124,momentum,63,21,0,0.3,long_only,1.0313,0.1842,-0.3113,0.5581,198
46,momentum,21,63,0,0.3,long_only,1.0309,0.1873,-0.3386,0.5585,66
582,ma_cross,126,5,0,0.1,long_only,1.0304,0.2442,-0.3467,0.4938,828
514,ma_cross,21,5,0,0.3,long_only,1.0295,0.1811,-0.3273,0.5478,828
22,momentum,10,63,0,0.3,long_only,1.0291,0.1818,-0.337,0.5463,66
458,vol_adj_mom,252,21,0,0.2,long_only,1.0288,0.1856,-0.3148,0.5325,198
560,ma_cross,63,5,0,0.2,long_only,1.0278,0.2072,-0.3406,0.5253,828
134,momentum,63,63,0,0.2,long_only,1.0265,0.2059,-0.357,0.5548,66
508,ma_cross,21,1,0,0.3,long_only,1.0255,0.1798,-0.3278,0.5477,4140
362,vol_adj_mom,63,21,0,0.2,long_only,1.0254,0.1779,-0.2949,0.546,198
194,momentum,252,1,0,0.2,long_only,1.0253,0.2023,-0.344,0.5298,4140
658,rsi_reversal,21,5,0,0.3,long_only,1.0248,0.1952,-0.3691,0.5475,828
44,momentum,21,63,0,0.2,long_only,1.0244,0.1941,-0.3332,0.5543,66
422,vol_adj_mom,126,63,0,0.2,long_only,1.0243,0.1873,-0.3474,0.5433,66
34,momentum,21,5,0,0.3,long_only,1.0242,0.1756,-0.3095,0.548,828
698,rsi_reversal,63,1,0,0.2,long_only,1.0234,0.207,-0.3963,0.5424,4140
562,ma_cross,63,5,0,0.3,long_only,1.0232,0.1911,-0.3467,0.5311,828
218,momentum,252,21,0,0.2,long_only,1.0227,0.2072,-0.3398,0.5311,198
566,ma_cross,63,21,0,0.2,long_only,1.0224,0.2085,-0.3423,0.5282,198
548,ma_cross,42,63,0,0.2,long_only,1.0219,0.2089,-0.3459,0.5316,66
374,vol_adj_mom,63,63,0,0.2,long_only,1.0216,0.1844,-0.3397,0.5502,66
456,vol_adj_mom,252,21,0,0.1,long_only,1.0213,0.2016,-0.3098,0.5289,198
488,ma_cross,10,5,0,0.2,long_only,1.0208,0.1854,-0.2989,0.5446,828
410,vol_adj_mom,126,21,0,0.2,long_only,1.0206,0.1791,-0.3305,0.5369,198
482,ma_cross,10,1,0,0.2,long_only,1.02,0.1835,-0.3144,0.5407,4140
442,vol_adj_mom,252,1,21,0.3,long_only,1.0197,0.1774,-0.333,0.5373,4140
76,momentum,42,21,0,0.3,long_only,1.0197,0.1799,-0.3246,0.5494,198
84,momentum,42,63,0,0.1,long_only,1.0191,0.2235,-0.288,0.5407,66
684,rsi_reversal,42,21,0,0.1,long_only,1.0187,0.2094,-0.3983,0.5383,198
108,momentum,63,5,0,0.1,long_only,1.0182,0.2169,-0.2926,0.5403,828
454,vol_adj_mom,252,5,21,0.3,long_only,1.0182,0.178,-0.3321,0.5362,828
224,momentum,252,21,21,0.2,long_only,1.0173,0.2091,-0.3456,0.5344,198
446,vol_adj_mom,252,5,0,0.2,long_only,1.0172,0.1788,-0.3227,0.5342,828
556,ma_cross,63,1,0,0.3,long_only,1.0158,0.189,-0.3434,0.5301,4140
334,vol_adj_mom,42,63,21,0.3,long_only,1.0146,0.1747,-0.3057,0.5482,66
570,ma_cross,63,63,0,0.1,long_only,1.0136,0.2448,-0.3419,0.5209,66
420,vol_adj_mom,126,63,0,0.1,long_only,1.0104,0.1967,-0.3477,0.5363,66
474,vol_adj_mom,252,63,21,0.1,long_only,1.0095,0.1991,-0.307,0.5211,66
596,ma_cross,126,63,0,0.2,long_only,1.0089,0.2021,-0.3186,0.4982,66
460,vol_adj_mom,252,21,0,0.3,long_only,1.0086,0.1743,-0.3328,0.5323,198
642,rsi_reversal,10,63,0,0.1,long_only,1.0069,0.1963,-0.3094,0.5336,66
92,momentum,42,63,21,0.2,long_only,1.0065,0.1945,-0.2873,0.5441,66
568,ma_cross,63,21,0,0.3,long_only,1.0063,0.1899,-0.3498,0.5284,198
414,vol_adj_mom,126,21,21,0.1,long_only,1.0056,0.1931,-0.3338,0.5453,198
18,momentum,10,63,0,0.1,long_only,1.0055,0.2059,-0.3708,0.5446,66
214,momentum,252,5,21,0.3,long_only,1.0054,0.1911,-0.3539,0.5299,828
64,momentum,42,5,0,0.3,long_only,1.0053,0.1744,-0.321,0.5487,828
428,vol_adj_mom,126,63,21,0.2,long_only,1.0024,0.1856,-0.352,0.5389,66
708,rsi_reversal,63,21,0,0.1,long_only,0.9991,0.2126,-0.3889,0.5347,198
448,vol_adj_mom,252,5,0,0.3,long_only,0.999,0.1697,-0.321,0.5272,828
470,vol_adj_mom,252,63,0,0.2,long_only,0.9989,0.1838,-0.3417,0.5311,66
766,rsi_reversal,252,63,0,0.3,long_only,0.9984,0.1815,-0.3234,0.5118,66
86,momentum,42,63,0,0.2,long_only,0.9972,0.1908,-0.3106,0.5565,66
700,rsi_reversal,63,1,0,0.3,long_only,0.9943,0.1946,-0.3865,0.5383,4140
434,vol_adj_mom,252,1,0,0.2,long_only,0.993,0.1735,-0.3274,0.5313,4140
136,momentum,63,63,0,0.3,long_only,0.9926,0.1849,-0.354,0.5524,66
646,rsi_reversal,10,63,0,0.3,long_only,0.9914,0.1808,-0.3402,0.5404,66
358,vol_adj_mom,63,5,21,0.3,long_only,0.9911,0.1716,-0.3261,0.5475,828
320,vol_adj_mom,42,21,21,0.2,long_only,0.9903,0.1728,-0.3366,0.5439,198
594,ma_cross,126,63,0,0.1,long_only,0.9901,0.2306,-0.3556,0.4874,66
118,momentum,63,5,21,0.3,long_only,0.9884,0.1818,-0.3315,0.5504,828
326,vol_adj_mom,42,63,0,0.2,long_only,0.988,0.1739,-0.3187,0.5502,66
692,rsi_reversal,42,63,0,0.2,long_only,0.9879,0.1936,-0.3194,0.5394,66
678,rsi_reversal,42,5,0,0.1,long_only,0.9848,0.2086,-0.4214,0.5364,828
100,momentum,63,1,0,0.3,long_only,0.9846,0.1703,-0.3166,0.5463,4140
762,rsi_reversal,252,63,0,0.1,long_only,0.9833,0.2064,-0.3154,0.514,66
436,vol_adj_mom,252,1,0,0.3,long_only,0.9817,0.1656,-0.3327,0.5286,4140
682,rsi_reversal,42,5,0,0.3,long_only,0.9807,0.1882,-0.3754,0.547,828
644,rsi_reversal,10,63,0,0.2,long_only,0.9806,0.1822,-0.3134,0.535,66
284,vol_adj_mom,21,63,0,0.2,long_only,0.9797,0.1678,-0.3205,0.5473,66
672,rsi_reversal,42,1,0,0.1,long_only,0.9794,0.2089,-0.4358,0.5422,4140
512,ma_cross,21,5,0,0.2,long_only,0.9787,0.1832,-0.3082,0.5422,828
350,vol_adj_mom,63,5,0,0.2,long_only,0.9786,0.1654,-0.306,0.5475,828
760,rsi_reversal,252,21,0,0.3,long_only,0.9774,0.185,-0.3811,0.5117,198
116,momentum,63,5,21,0.2,long_only,0.9771,0.191,-0.3314,0.5482,828
506,ma_cross,21,1,0,0.2,long_only,0.9771,0.1816,-0.3081,0.5465,4140
634,rsi_reversal,10,5,0,0.3,long_only,0.9763,0.1846,-0.3824,0.5555,828
630,rsi_reversal,10,5,0,0.1,long_only,0.9762,0.201,-0.3989,0.5432,828
572,ma_cross,63,63,0,0.2,long_only,0.9761,0.2011,-0.3299,0.5265,66
764,rsi_reversal,252,63,0,0.2,long_only,0.9743,0.1854,-0.3356,0.5114,66
660,rsi_reversal,21,21,0,0.1,long_only,0.9737,0.2002,-0.4254,0.5427,198
262,vol_adj_mom,10,63,0,0.3,long_only,0.9733,0.1645,-0.341,0.5424,66
52,momentum,42,1,0,0.3,long_only,0.9733,0.1669,-0.3218,0.548,4140
90,momentum,42,63,21,0.1,long_only,0.9719,0.2136,-0.2917,0.5385,66
574,ma_cross,63,63,0,0.3,long_only,0.9717,0.1859,-0.3415,0.5282,66
550,ma_cross,42,63,0,0.3,long_only,0.9712,0.1827,-0.3551,0.5336,66
676,rsi_reversal,42,1,0,0.3,long_only,0.9711,0.1882,-0.3825,0.5422,4140
632,rsi_reversal,10,5,0,0.2,long_only,0.9708,0.1887,-0.4007,0.557,828
332,vol_adj_mom,42,63,21,0.2,long_only,0.9683,0.1702,-0.2964,0.547,66
518,ma_cross,21,21,0,0.2,long_only,0.968,0.186,-0.3141,0.5429,198
20,momentum,10,63,0,0.2,long_only,0.9671,0.1784,-0.3519,0.547,66
426,vol_adj_mom,126,63,21,0.1,long_only,0.9658,0.1916,-0.3339,0.5402,66
274,vol_adj_mom,21,5,0,0.3,long_only,0.9639,0.1586,-0.2967,0.5429,828
70,momentum,42,5,21,0.3,long_only,0.9638,0.1767,-0.3389,0.5514,828
16,momentum,10,21,0,0.3,long_only,0.9628,0.1716,-0.3142,0.5547,198
356,vol_adj_mom,63,5,21,0.2,long_only,0.9618,0.1697,-0.3011,0.5451,828
472,vol_adj_mom,252,63,0,0.3,long_only,0.9617,0.1705,-0.3368,0.5284,66
88,momentum,42,63,0,0.3,long_only,0.9615,0.174,-0.314,0.5558,66
376,vol_adj_mom,63,63,0,0.3,long_only,0.9613,0.1688,-0.3441,0.5531,66
62,momentum,42,5,0,0.2,long_only,0.9608,0.1753,-0.3159,0.5504,828
12,momentum,10,21,0,0.1,long_only,0.9587,0.1997,-0.3065,0.5451,198
8,momentum,10,5,0,0.2,long_only,0.958,0.1748,-0.2922,0.5451,828
250,vol_adj_mom,10,5,0,0.3,long_only,0.9569,0.1598,-0.305,0.5424,828
468,vol_adj_mom,252,63,0,0.1,long_only,0.9567,0.1884,-0.2997,0.5211,66
110,momentum,63,5,0,0.2,long_only,0.9557,0.1761,-0.3084,0.5507,828
758,rsi_reversal,252,21,0,0.2,long_only,0.9551,0.1887,-0.3733,0.5115,198
328,vol_adj_mom,42,63,0,0.3,long_only,0.953,0.1639,-0.3165,0.5487,66
756,rsi_reversal,252,21,0,0.1,long_only,0.9511,0.2086,-0.393,0.5132,198
680,rsi_reversal,42,5,0,0.2,long_only,0.9498,0.1882,-0.3996,0.5485,828
28,momentum,21,1,0,0.3,long_only,0.948,0.1609,-0.3104,0.5521,4140
256,vol_adj_mom,10,21,0,0.3,long_only,0.9463,0.1612,-0.3018,0.5502,198
754,rsi_reversal,252,5,0,0.3,long_only,0.9458,0.1802,-0.3788,0.5146,828
696,rsi_reversal,63,1,0,0.1,long_only,0.9449,0.2051,-0.3729,0.5443,4140
478,vol_adj_mom,252,63,21,0.3,long_only,0.9428,0.1671,-0.3338,0.5272,66
316,vol_adj_mom,42,21,0,0.3,long_only,0.9424,0.1588,-0.3086,0.5395,198
476,vol_adj_mom,252,63,21,0.2,long_only,0.9421,0.1725,-0.3171,0.5282,66
674,rsi_reversal,42,1,0,0.2,long_only,0.9412,0.1887,-0.3978,0.5417,4140
40,momentum,21,21,0,0.3,long_only,0.9402,0.1665,-0.3304,0.5564,198
68,momentum,42,5,21,0.2,long_only,0.9397,0.1823,-0.3453,0.5504,828
106,momentum,63,1,21,0.3,long_only,0.9391,0.1719,-0.3338,0.5484,4140
32,momentum,21,5,0,0.2,long_only,0.9389,0.1685,-0.2926,0.5463,828
260,vol_adj_mom,10,63,0,0.2,long_only,0.9369,0.1603,-0.3378,0.546,66
486,ma_cross,10,5,0,0.1,long_only,0.9364,0.1925,-0.3163,0.541,828
72,momentum,42,21,0,0.1,long_only,0.9356,0.2016,-0.354,0.5446,198
346,vol_adj_mom,63,1,21,0.3,long_only,0.9351,0.1611,-0.3272,0.5455,4140
304,vol_adj_mom,42,5,0,0.3,long_only,0.9351,0.1553,-0.3284,0.5403,828
14,momentum,10,21,0,0.2,long_only,0.9332,0.1751,-0.3113,0.5557,198
504,ma_cross,21,1,0,0.1,long_only,0.9316,0.1985,-0.2816,0.5347,4140
500,ma_cross,10,63,0,0.2,long_only,0.9316,0.1811,-0.3217,0.5558,66
752,rsi_reversal,252,5,0,0.2,long_only,0.9309,0.1867,-0.3879,0.5134,828
340,vol_adj_mom,63,1,0,0.3,long_only,0.9306,0.1531,-0.3186,0.5496,4140
666,rsi_reversal,21,63,0,0.1,long_only,0.9276,0.1875,-0.2994,0.5316,66
480,ma_cross,10,1,0,0.1,long_only,0.9274,0.1883,-0.2996,0.5426,4140
238,momentum,252,63,21,0.3,long_only,0.9252,0.178,-0.3385,0.5331,66
270,vol_adj_mom,21,5,0,0.1,long_only,0.925,0.1602,-0.2689,0.541,828
232,momentum,252,63,0,0.3,long_only,0.9245,0.1767,-0.3427,0.5289,66
628,rsi_reversal,10,1,0,0.3,long_only,0.9245,0.1783,-0.3809,0.5477,4140
330,vol_adj_mom,42,63,21,0.1,long_only,0.9232,0.1728,-0.2957,0.5409,66
308,vol_adj_mom,42,5,21,0.2,long_only,0.923,0.1615,-0.3316,0.5439,828
498,ma_cross,10,63,0,0.1,long_only,0.9208,0.2078,-0.3539,0.548,66
302,vol_adj_mom,42,5,0,0.2,long_only,0.9202,0.1538,-0.3123,0.5424,828
496,ma_cross,10,21,0,0.3,long_only,0.92,0.1642,-0.326,0.5468,198
494,ma_cross,10,21,0,0.2,long_only,0.9183,0.1734,-0.342,0.5494,198
354,vol_adj_mom,63,5,21,0.1,long_only,0.917,0.1722,-0.2642,0.54,828
324,vol_adj_mom,42,63,0,0.1,long_only,0.9157,0.1731,-0.3211,0.5475,66
248,vol_adj_mom,10,5,0,0.2,long_only,0.915,0.1544,-0.2964,0.5424,828
314,vol_adj_mom,42,21,0,0.2,long_only,0.9127,0.1559,-0.2963,0.5427,198
50,momentum,42,1,0,0.2,long_only,0.9098,0.1643,-0.3126,0.5434,4140
746,rsi_reversal,252,1,0,0.2,long_only,0.9092,0.1836,-0.3779,0.5129,4140
702,rsi_reversal,63,5,0,0.1,long_only,0.907,0.1966,-0.3669,0.5354,828
66,momentum,42,5,21,0.1,long_only,0.9042,0.1969,-0.3401,0.5388,828
30,momentum,21,5,0,0.1,long_only,0.903,0.1804,-0.2638,0.5432,828
748,rsi_reversal,252,1,0,0.3,long_only,0.9017,0.1728,-0.3872,0.5132,4140
236,momentum,252,63,21,0.2,long_only,0.8997,0.1865,-0.324,0.5287,66
656,rsi_reversal,21,5,0,0.2,long_only,0.8988,0.1773,-0.3809,0.5444,828
714,rsi_reversal,63,63,0,0.1,long_only,0.8986,0.1864,-0.3408,0.538,66
652,rsi_reversal,21,1,0,0.3,long_only,0.8985,0.1729,-0.3916,0.5443,4140
344,vol_adj_mom,63,1,21,0.2,long_only,0.8984,0.1578,-0.2982,0.541,4140
310,vol_adj_mom,42,5,21,0.3,long_only,0.8972,0.1548,-0.3271,0.5391,828
268,vol_adj_mom,21,1,0,0.3,long_only,0.8971,0.147,-0.293,0.5451,4140
272,vol_adj_mom,21,5,0,0.2,long_only,0.8964,0.1484,-0.274,0.5437,828
254,vol_adj_mom,10,21,0,0.2,long_only,0.8954,0.1548,-0.2999,0.5441,198
230,momentum,252,63,0,0.2,long_only,0.8938,0.1851,-0.3502,0.5321,66
502,ma_cross,10,63,0,0.3,long_only,0.8937,0.1664,-0.3419,0.5529,66
690,rsi_reversal,42,63,0,0.1,long_only,0.893,0.1866,-0.3193,0.5294,66
650,rsi_reversal,21,1,0,0.2,long_only,0.8927,0.1777,-0.3893,0.5465,4140
96,momentum,63,1,0,0.1,long_only,0.8834,0.1853,-0.2849,0.5426,4140
98,momentum,63,1,0,0.2,long_only,0.8818,0.1616,-0.298,0.5477,4140
102,momentum,63,1,21,0.1,long_only,0.8812,0.1961,-0.3248,0.5412,4140
312,vol_adj_mom,42,21,0,0.1,long_only,0.8789,0.1585,-0.3345,0.5417,198
292,vol_adj_mom,42,1,0,0.3,long_only,0.8764,0.1441,-0.3141,0.54,4140
626,rsi_reversal,10,1,0,0.2,long_only,0.8747,0.1746,-0.3946,0.5475,4140
744,rsi_reversal,252,1,0,0.1,long_only,0.8747,0.1959,-0.417,0.5088,4140
280,vol_adj_mom,21,21,0,0.3,long_only,0.8739,0.1475,-0.3243,0.5453,198
616,ma_cross,252,21,0,0.3,long_only,0.8733,0.1588,-0.328,0.4291,198
234,momentum,252,63,21,0.1,long_only,0.8717,0.2137,-0.3393,0.525,66
38,momentum,21,21,0,0.2,long_only,0.8707,0.1622,-0.3224,0.5533,198
300,vol_adj_mom,42,5,0,0.1,long_only,0.87,0.1516,-0.275,0.534,828
4,momentum,10,1,0,0.3,long_only,0.8667,0.1489,-0.2934,0.554,4140
258,vol_adj_mom,10,63,0,0.1,long_only,0.8664,0.1555,-0.3288,0.5353,66
252,vol_adj_mom,10,21,0,0.1,long_only,0.863,0.1566,-0.273,0.5342,198
750,rsi_reversal,252,5,0,0.1,long_only,0.8621,0.1934,-0.4058,0.5047,828
610,ma_cross,252,5,0,0.3,long_only,0.8599,0.1564,-0.3143,0.4278,828
338,vol_adj_mom,63,1,0,0.2,long_only,0.8594,0.1438,-0.2919,0.547,4140
604,ma_cross,252,1,0,0.3,long_only,0.8564,0.1557,-0.3147,0.4281,4140
228,momentum,252,63,0,0.1,long_only,0.8541,0.2065,-0.3354,0.528,66
602,ma_cross,252,1,0,0.2,long_only,0.8535,0.168,-0.3174,0.4279,4140
60,momentum,42,5,0,0.1,long_only,0.8526,0.1763,-0.2916,0.5364,828
614,ma_cross,252,21,0,0.2,long_only,0.8509,0.1673,-0.3191,0.4278,198
58,momentum,42,1,21,0.3,long_only,0.8496,0.1544,-0.3414,0.5482,4140
608,ma_cross,252,5,0,0.2,long_only,0.8456,0.1664,-0.3178,0.4266,828
290,vol_adj_mom,42,1,0,0.2,long_only,0.8447,0.14,-0.293,0.5388,4140
618,ma_cross,252,63,0,0.1,long_only,0.8442,0.1967,-0.4105,0.42,66
104,momentum,63,1,21,0.2,long_only,0.8425,0.164,-0.3394,0.5455,4140
654,rsi_reversal,21,5,0,0.1,long_only,0.8411,0.1759,-0.3693,0.5388,828
348,vol_adj_mom,63,5,0,0.1,long_only,0.8408,0.153,-0.2797,0.5354,828
622,ma_cross,252,63,0,0.3,long_only,0.8394,0.1529,-0.3391,0.4259,66
342,vol_adj_mom,63,1,21,0.1,long_only,0.8393,0.1563,-0.287,0.5371,4140
318,vol_adj_mom,42,21,21,0.1,long_only,0.8391,0.1544,-0.3475,0.5417,198
624,rsi_reversal,10,1,0,0.1,long_only,0.8389,0.1764,-0.4097,0.541,4140
600,ma_cross,252,1,0,0.1,long_only,0.8339,0.196,-0.3887,0.4238,4140
612,ma_cross,252,21,0,0.1,long_only,0.8331,0.1951,-0.3913,0.423,198
48,momentum,42,1,0,0.1,long_only,0.8312,0.1705,-0.2925,0.5354,4140
26,momentum,21,1,0,0.2,long_only,0.8311,0.1475,-0.2865,0.5455,4140
492,ma_cross,10,21,0,0.1,long_only,0.8264,0.1779,-0.4035,0.5393,198
244,vol_adj_mom,10,1,0,0.3,long_only,0.8245,0.1359,-0.2878,0.54,4140
620,ma_cross,252,63,0,0.2,long_only,0.8243,0.1634,-0.3314,0.4269,66
2,momentum,10,1,0,0.2,long_only,0.8229,0.1478,-0.2786,0.555,4140
36,momentum,21,21,0,0.1,long_only,0.8193,0.169,-0.335,0.5441,198
282,vol_adj_mom,21,63,0,0.1,long_only,0.8178,0.1468,-0.3368,0.5404,66
648,rsi_reversal,21,1,0,0.1,long_only,0.816,0.1726,-0.4132,0.5393,4140
298,vol_adj_mom,42,1,21,0.3,long_only,0.8151,0.1395,-0.3242,0.5388,4140
606,ma_cross,252,5,0,0.1,long_only,0.813,0.191,-0.3913,0.4227,828
6,momentum,10,5,0,0.1,long_only,0.8115,0.1653,-0.2983,0.5347,828
278,vol_adj_mom,21,21,0,0.2,long_only,0.8102,0.1383,-0.2984,0.539,198
24,momentum,21,1,0,0.1,long_only,0.8064,0.1599,-0.3188,0.5412,4140
306,vol_adj_mom,42,5,21,0.1,long_only,0.7973,0.1471,-0.3094,0.5318,828
56,momentum,42,1,21,0.2,long_only,0.795,0.1531,-0.3573,0.5518,4140
264,vol_adj_mom,21,1,0,0.1,long_only,0.7878,0.1369,-0.254,0.5381,4140
288,vol_adj_mom,42,1,0,0.1,long_only,0.7816,0.1354,-0.2661,0.5332,4140
242,vol_adj_mom,10,1,0,0.2,long_only,0.7748,0.1293,-0.2524,0.541,4140
266,vol_adj_mom,21,1,0,0.2,long_only,0.7667,0.1267,-0.2885,0.5395,4140
296,vol_adj_mom,42,1,21,0.2,long_only,0.7644,0.1337,-0.3305,0.5453,4140
0,momentum,10,1,0,0.1,long_only,0.7457,0.1504,-0.2949,0.5417,4140
54,momentum,42,1,21,0.1,long_only,0.7441,0.1611,-0.3478,0.5352,4140
336,vol_adj_mom,63,1,0,0.1,long_only,0.7429,0.1333,-0.2705,0.5385,4140
246,vol_adj_mom,10,5,0,0.1,long_only,0.7344,0.1286,-0.2683,0.5313,828
276,vol_adj_mom,21,21,0,0.1,long_only,0.6611,0.118,-0.2945,0.5277,198
240,vol_adj_mom,10,1,0,0.1,long_only,0.6065,0.1068,-0.2528,0.532,4140
294,vol_adj_mom,42,1,21,0.1,long_only,0.5923,0.1098,-0.3081,0.5279,4140
665,rsi_reversal,21,21,0,0.3,long_short,0.3672,0.0413,-0.211,0.503,198
663,rsi_reversal,21,21,0,0.2,long_short,0.3479,0.0464,-0.2176,0.4987,198
637,rsi_reversal,10,21,0,0.1,long_short,0.3213,0.0513,-0.3078,0.5071,198
689,rsi_reversal,42,21,0,0.3,long_short,0.2623,0.0324,-0.2542,0.496,198
639,rsi_reversal,10,21,0,0.2,long_short,0.244,0.0313,-0.3041,0.5057,198
719,rsi_reversal,63,63,0,0.3,long_short,0.2393,0.0282,-0.2893,0.486,66
695,rsi_reversal,42,63,0,0.3,long_short,0.2352,0.0273,-0.2758,0.4899,66
711,rsi_reversal,63,21,0,0.2,long_short,0.2274,0.0347,-0.2604,0.488,198
713,rsi_reversal,63,21,0,0.3,long_short,0.2236,0.0284,-0.2006,0.483,198
641,rsi_reversal,10,21,0,0.3,long_short,0.2235,0.0244,-0.2278,0.4929,198
687,rsi_reversal,42,21,0,0.2,long_short,0.2139,0.0312,-0.2773,0.4859,198
669,rsi_reversal,21,63,0,0.2,long_short,0.1935,0.0252,-0.2471,0.4857,66
741,rsi_reversal,126,63,0,0.2,long_short,0.1837,0.027,-0.29,0.4716,66
735,rsi_reversal,126,21,0,0.2,long_short,0.1693,0.0269,-0.3158,0.4779,198
605,ma_cross,252,1,0,0.3,long_short,0.1651,0.0213,-0.4357,0.4001,4140
661,rsi_reversal,21,21,0,0.1,long_short,0.1542,0.0261,-0.3352,0.4984,198
611,ma_cross,252,5,0,0.3,long_short,0.152,0.0195,-0.431,0.3993,828
613,ma_cross,252,21,0,0.1,long_short,0.1511,0.0317,-0.6088,0.4008,198
619,ma_cross,252,63,0,0.1,long_short,0.1478,0.0306,-0.6138,0.401,66
617,ma_cross,252,21,0,0.3,long_short,0.1468,0.0188,-0.4516,0.3974,198
679,rsi_reversal,42,5,0,0.1,long_short,0.1466,0.0277,-0.3495,0.4892,828
737,rsi_reversal,126,21,0,0.3,long_short,0.1422,0.0188,-0.2573,0.4668,198
739,rsi_reversal,126,63,0,0.1,long_short,0.1393,0.0271,-0.4214,0.4711,66
645,rsi_reversal,10,63,0,0.2,long_short,0.1364,0.0175,-0.3341,0.4972,66
601,ma_cross,252,1,0,0.1,long_short,0.1364,0.029,-0.6288,0.3994,4140
705,rsi_reversal,63,5,0,0.2,long_short,0.1348,0.0211,-0.2435,0.4895,828
733,rsi_reversal,126,21,0,0.1,long_short,0.1322,0.0275,-0.4731,0.4767,198
623,ma_cross,252,63,0,0.3,long_short,0.1302,0.0164,-0.4498,0.3968,66
631,rsi_reversal,10,5,0,0.1,long_short,0.1282,0.022,-0.3305,0.5079,828
671,rsi_reversal,21,63,0,0.3,long_short,0.1262,0.0138,-0.2548,0.4879,66
699,rsi_reversal,63,1,0,0.2,long_short,0.1236,0.0195,-0.306,0.4885,4140
587,ma_cross,126,5,0,0.3,long_short,0.1212,0.0167,-0.3757,0.4626,828
199,momentum,252,1,21,0.1,long_short,0.1134,0.0275,-0.52,0.4946,4140
603,ma_cross,252,1,0,0.2,long_short,0.1089,0.0171,-0.4998,0.3979,4140
593,ma_cross,126,21,0,0.3,long_short,0.108,0.0148,-0.3921,0.4643,198
581,ma_cross,126,1,0,0.3,long_short,0.1077,0.0149,-0.3806,0.4622,4140
697,rsi_reversal,63,1,0,0.1,long_short,0.1033,0.0206,-0.2941,0.4902,4140
729,rsi_reversal,126,5,0,0.2,long_short,0.1019,0.0164,-0.3175,0.4696,828
607,ma_cross,252,5,0,0.1,long_short,0.1005,0.0213,-0.6273,0.3993,828
621,ma_cross,252,63,0,0.2,long_short,0.0967,0.0148,-0.5052,0.3976,66
615,ma_cross,252,21,0,0.2,long_short,0.0902,0.014,-0.5228,0.4003,198
211,momentum,252,5,21,0.1,long_short,0.0856,0.0207,-0.556,0.4948,828
647,rsi_reversal,10,63,0,0.3,long_short,0.085,0.0092,-0.2517,0.4879,66
707,rsi_reversal,63,5,0,0.3,long_short,0.0815,0.0107,-0.2816,0.4856,828
693,rsi_reversal,42,63,0,0.2,long_short,0.0809,0.0111,-0.3302,0.4828,66
727,rsi_reversal,126,5,0,0.1,long_short,0.0763,0.016,-0.4315,0.4752,828
591,ma_cross,126,21,0,0.2,long_short,0.0749,0.0128,-0.5035,0.4648,198
609,ma_cross,252,5,0,0.2,long_short,0.0744,0.0116,-0.5045,0.3973,828
227,momentum,252,21,21,0.3,long_short,0.069,0.0096,-0.3268,0.4984,198
743,rsi_reversal,126,63,0,0.3,long_short,0.0678,0.0083,-0.3079,0.465,66
685,rsi_reversal,42,21,0,0.1,long_short,0.0652,0.012,-0.3869,0.4849,198
141,momentum,63,63,21,0.2,long_short,0.0641,0.0094,-0.4231,0.5067,66
223,momentum,252,21,21,0.1,long_short,0.0624,0.015,-0.5474,0.4914,198
599,ma_cross,126,63,0,0.3,long_short,0.0619,0.0083,-0.4267,0.4645,66
205,momentum,252,5,0,0.1,long_short,0.0618,0.0151,-0.5874,0.4914,828
201,momentum,252,1,21,0.2,long_short,0.0617,0.0109,-0.396,0.5001,4140
451,vol_adj_mom,252,5,21,0.1,long_short,0.0612,0.013,-0.4964,0.49,828
659,rsi_reversal,21,5,0,0.3,long_short,0.0609,0.0073,-0.2763,0.4936,828
79,momentum,42,21,21,0.1,long_short,0.0602,0.0119,-0.4234,0.5088,198
761,rsi_reversal,252,21,0,0.3,long_short,0.0558,0.0076,-0.3261,0.454,198
681,rsi_reversal,42,5,0,0.2,long_short,0.0533,0.0081,-0.366,0.4926,828
673,rsi_reversal,42,1,0,0.1,long_short,0.053,0.0101,-0.376,0.4902,4140
683,rsi_reversal,42,5,0,0.3,long_short,0.0516,0.0066,-0.2964,0.4885,828
577,ma_cross,126,1,0,0.1,long_short,0.0489,0.0116,-0.5851,0.46,4140
143,momentum,63,63,21,0.3,long_short,0.0481,0.0056,-0.3607,0.505,66
725,rsi_reversal,126,1,0,0.3,long_short,0.0467,0.0063,-0.2377,0.4677,4140
703,rsi_reversal,63,5,0,0.1,long_short,0.0465,0.0092,-0.3467,0.4861,828
731,rsi_reversal,126,5,0,0.3,long_short,0.0442,0.0059,-0.2428,0.4655,828
723,rsi_reversal,126,1,0,0.2,long_short,0.044,0.0071,-0.2717,0.4735,4140
203,momentum,252,1,21,0.3,long_short,0.0438,0.0062,-0.3387,0.4994,4140
589,ma_cross,126,21,0,0.1,long_short,0.0437,0.0102,-0.5972,0.4595,198
439,vol_adj_mom,252,1,21,0.1,long_short,0.0429,0.0092,-0.5091,0.4888,4140
701,rsi_reversal,63,1,0,0.3,long_short,0.0422,0.0056,-0.2837,0.4873,4140
745,rsi_reversal,252,1,0,0.1,long_short,0.0404,0.0089,-0.4614,0.4581,4140
583,ma_cross,126,5,0,0.1,long_short,0.0386,0.0091,-0.6016,0.4578,828
643,rsi_reversal,10,63,0,0.1,long_short,0.0372,0.006,-0.4501,0.4955,66
677,rsi_reversal,42,1,0,0.3,long_short,0.0364,0.0047,-0.2905,0.4897,4140
763,rsi_reversal,252,63,0,0.1,long_short,0.0359,0.0074,-0.4401,0.4552,66
717,rsi_reversal,63,63,0,0.2,long_short,0.0352,0.0051,-0.4047,0.4852,66
553,ma_cross,63,1,0,0.1,long_short,0.0305,0.0074,-0.4848,0.4808,4140
225,momentum,252,21,21,0.2,long_short,0.0286,0.005,-0.3651,0.4977,198
81,momentum,42,21,21,0.2,long_short,0.0283,0.0041,-0.3246,0.504,198
209,momentum,252,5,0,0.3,long_short,0.0275,0.0039,-0.3634,0.4994,828
767,rsi_reversal,252,63,0,0.3,long_short,0.0257,0.0033,-0.318,0.4488,66
569,ma_cross,63,21,0,0.3,long_short,0.0156,0.0022,-0.3187,0.489,198
675,rsi_reversal,42,1,0,0.2,long_short,0.0128,0.002,-0.3332,0.4909,4140
579,ma_cross,126,1,0,0.2,long_short,0.0097,0.0017,-0.522,0.4607,4140
667,rsi_reversal,21,63,0,0.1,long_short,0.0071,0.0012,-0.4799,0.4896,66
585,ma_cross,126,5,0,0.2,long_short,0.0052,0.0009,-0.5234,0.4607,828
193,momentum,252,1,0,0.1,long_short,0.0037,0.0009,-0.689,0.4883,4140
559,ma_cross,63,5,0,0.1,long_short,0.0007,0.0002,-0.5248,0.4834,828
215,momentum,252,5,21,0.3,long_short,0.0006,0.0001,-0.3375,0.4963,828
221,momentum,252,21,0,0.3,long_short,0.0004,0.0001,-0.3581,0.4979,198
133,momentum,63,63,0,0.1,long_short,-0.0005,-0.0001,-0.5641,0.5006,66
721,rsi_reversal,126,1,0,0.1,long_short,-0.0047,-0.001,-0.4686,0.4745,4140
759,rsi_reversal,252,21,0,0.2,long_short,-0.0056,-0.0009,-0.3348,0.4547,198
219,momentum,252,21,0,0.2,long_short,-0.0106,-0.0019,-0.4646,0.4989,198
765,rsi_reversal,252,63,0,0.2,long_short,-0.0111,-0.0017,-0.38,0.4513,66
213,momentum,252,5,21,0.2,long_short,-0.0125,-0.0022,-0.3993,0.4994,828
379,vol_adj_mom,63,63,21,0.1,long_short,-0.0127,-0.0022,-0.476,0.4982,66
753,rsi_reversal,252,5,0,0.2,long_short,-0.0131,-0.0022,-0.3436,0.4522,828
217,momentum,252,21,0,0.1,long_short,-0.0147,-0.0036,-0.5868,0.4863,198
755,rsi_reversal,252,5,0,0.3,long_short,-0.015,-0.0021,-0.3096,0.445,828
207,momentum,252,5,0,0.2,long_short,-0.0153,-0.0027,-0.4609,0.4924,828
565,ma_cross,63,21,0,0.1,long_short,-0.0191,-0.0046,-0.5322,0.4805,198
529,ma_cross,42,1,0,0.1,long_short,-0.0194,-0.0046,-0.5323,0.4905,4140
463,vol_adj_mom,252,21,21,0.1,long_short,-0.0222,-0.0047,-0.4996,0.4909,198
197,momentum,252,1,0,0.3,long_short,-0.0229,-0.0033,-0.4259,0.4963,4140
191,momentum,126,63,21,0.3,long_short,-0.0273,-0.0035,-0.3714,0.5001,66
747,rsi_reversal,252,1,0,0.2,long_short,-0.0296,-0.005,-0.3585,0.4501,4140
751,rsi_reversal,252,5,0,0.1,long_short,-0.0314,-0.0069,-0.4706,0.4602,828
633,rsi_reversal,10,5,0,0.2,long_short,-0.0337,-0.0047,-0.3703,0.4955,828
597,ma_cross,126,63,0,0.2,long_short,-0.0357,-0.006,-0.5499,0.464,66
575,ma_cross,63,63,0,0.3,long_short,-0.0401,-0.0055,-0.3555,0.494,66
43,momentum,21,63,0,0.1,long_short,-0.041,-0.0079,-0.5507,0.5006,66
373,vol_adj_mom,63,63,0,0.1,long_short,-0.0447,-0.0083,-0.5901,0.5062,66
657,rsi_reversal,21,5,0,0.2,long_short,-0.0453,-0.0065,-0.3156,0.4984,828
189,momentum,126,63,21,0.2,long_short,-0.0469,-0.0075,-0.3987,0.4996,66
563,ma_cross,63,5,0,0.3,long_short,-0.0475,-0.0067,-0.3354,0.4888,828
709,rsi_reversal,63,21,0,0.1,long_short,-0.0486,-0.0094,-0.4925,0.4818,198
571,ma_cross,63,63,0,0.1,long_short,-0.05,-0.0117,-0.5847,0.4838,66
757,rsi_reversal,252,21,0,0.1,long_short,-0.0501,-0.0109,-0.4404,0.4559,198
195,momentum,252,1,0,0.2,long_short,-0.0521,-0.0093,-0.5196,0.4975,4140
185,momentum,126,63,0,0.3,long_short,-0.0537,-0.0071,-0.3641,0.5079,66
93,momentum,42,63,21,0.2,long_short,-0.0561,-0.0078,-0.3846,0.5048,66
557,ma_cross,63,1,0,0.3,long_short,-0.0566,-0.008,-0.3481,0.4895,4140
163,momentum,126,5,21,0.1,long_short,-0.061,-0.014,-0.5663,0.4941,828
595,ma_cross,126,63,0,0.1,long_short,-0.0614,-0.014,-0.6476,0.4535,66
139,momentum,63,63,21,0.1,long_short,-0.065,-0.0127,-0.5271,0.4984,66
151,momentum,126,1,21,0.1,long_short,-0.0656,-0.015,-0.6075,0.4943,4140
475,vol_adj_mom,252,63,21,0.1,long_short,-0.0664,-0.013,-0.4806,0.485,66
651,rsi_reversal,21,1,0,0.2,long_short,-0.0687,-0.0101,-0.3561,0.4851,4140
535,ma_cross,42,5,0,0.1,long_short,-0.0699,-0.0165,-0.5443,0.4924,828
157,momentum,126,5,0,0.1,long_short,-0.0703,-0.0165,-0.6124,0.4938,828
445,vol_adj_mom,252,5,0,0.1,long_short,-0.0714,-0.0157,-0.6751,0.4902,828
749,rsi_reversal,252,1,0,0.3,long_short,-0.0722,-0.01,-0.3435,0.4501,4140
235,momentum,252,63,21,0.1,long_short,-0.0723,-0.0166,-0.5631,0.4816,66
567,ma_cross,63,21,0,0.2,long_short,-0.0781,-0.0139,-0.4743,0.4876,198
231,momentum,252,63,0,0.2,long_short,-0.0812,-0.014,-0.4445,0.4921,66
573,ma_cross,63,63,0,0.2,long_short,-0.0812,-0.0139,-0.4271,0.4901,66
233,momentum,252,63,0,0.3,long_short,-0.0815,-0.0114,-0.3731,0.4943,66
555,ma_cross,63,1,0,0.2,long_short,-0.0817,-0.0146,-0.4357,0.4868,4140
465,vol_adj_mom,252,21,21,0.2,long_short,-0.091,-0.0146,-0.4818,0.4953,198
549,ma_cross,42,63,0,0.2,long_short,-0.0918,-0.0155,-0.4014,0.4913,66
541,ma_cross,42,21,0,0.1,long_short,-0.0953,-0.0226,-0.6343,0.4895,198
561,ma_cross,63,5,0,0.2,long_short,-0.0956,-0.017,-0.4483,0.4885,828
691,rsi_reversal,42,63,0,0.1,long_short,-0.0968,-0.0171,-0.443,0.4791,66
177,momentum,126,21,21,0.2,long_short,-0.0971,-0.0163,-0.3961,0.4979,198
237,momentum,252,63,21,0.2,long_short,-0.0985,-0.0165,-0.3906,0.4901,66
543,ma_cross,42,21,0,0.2,long_short,-0.0994,-0.0173,-0.4526,0.5033,198
433,vol_adj_mom,252,1,0,0.1,long_short,-0.1019,-0.0224,-0.716,0.4878,4140
95,momentum,42,63,21,0.3,long_short,-0.1038,-0.0115,-0.3973,0.5072,66
547,ma_cross,42,63,0,0.1,long_short,-0.1039,-0.0235,-0.5457,0.4862,66
165,momentum,126,5,21,0.2,long_short,-0.104,-0.0174,-0.4601,0.4965,828
635,rsi_reversal,10,5,0,0.3,long_short,-0.1049,-0.0122,-0.3343,0.488,828
127,momentum,63,21,21,0.1,long_short,-0.1049,-0.0218,-0.63,0.5086,198
181,momentum,126,63,0,0.1,long_short,-0.1051,-0.0235,-0.6001,0.5021,66
457,vol_adj_mom,252,21,0,0.1,long_short,-0.106,-0.023,-0.5947,0.4873,198
167,momentum,126,5,21,0.3,long_short,-0.106,-0.0144,-0.3873,0.5052,828
83,momentum,42,21,21,0.3,long_short,-0.1092,-0.0127,-0.4098,0.5047,198
91,momentum,42,63,21,0.1,long_short,-0.1118,-0.0209,-0.4793,0.4928,66
539,ma_cross,42,5,0,0.3,long_short,-0.113,-0.0159,-0.4214,0.4989,828
531,ma_cross,42,1,0,0.2,long_short,-0.1139,-0.02,-0.5406,0.4989,4140
625,rsi_reversal,10,1,0,0.1,long_short,-0.114,-0.0208,-0.5897,0.4999,4140
471,vol_adj_mom,252,63,0,0.2,long_short,-0.1194,-0.0189,-0.4625,0.486,66
153,momentum,126,1,21,0.2,long_short,-0.1202,-0.0203,-0.5385,0.4979,4140
131,momentum,63,21,21,0.3,long_short,-0.1216,-0.0149,-0.3837,0.5064,198
23,momentum,10,63,0,0.3,long_short,-0.1227,-0.014,-0.4223,0.493,66
467,vol_adj_mom,252,21,21,0.3,long_short,-0.1228,-0.0161,-0.4005,0.4892,198
533,ma_cross,42,1,0,0.3,long_short,-0.1266,-0.0179,-0.4619,0.4972,4140
545,ma_cross,42,21,0,0.3,long_short,-0.1289,-0.018,-0.3979,0.503,198
135,momentum,63,63,0,0.2,long_short,-0.133,-0.0209,-0.5672,0.504,66
431,vol_adj_mom,126,63,21,0.3,long_short,-0.1357,-0.016,-0.3737,0.5011,66
85,momentum,42,63,0,0.1,long_short,-0.1358,-0.0278,-0.6715,0.496,66
179,momentum,126,21,21,0.3,long_short,-0.1367,-0.0186,-0.4096,0.4979,198
459,vol_adj_mom,252,21,0,0.2,long_short,-0.1379,-0.0229,-0.5454,0.4888,198
477,vol_adj_mom,252,63,21,0.2,long_short,-0.138,-0.0209,-0.427,0.4896,66
175,momentum,126,21,21,0.1,long_short,-0.1381,-0.0318,-0.613,0.4895,198
333,vol_adj_mom,42,63,21,0.2,long_short,-0.1401,-0.0174,-0.4647,0.4974,66
441,vol_adj_mom,252,1,21,0.2,long_short,-0.1406,-0.0229,-0.5886,0.4917,4140
443,vol_adj_mom,252,1,21,0.3,long_short,-0.1421,-0.0191,-0.4943,0.4844,4140
19,momentum,10,63,0,0.1,long_short,-0.144,-0.0268,-0.6109,0.4845,66
455,vol_adj_mom,252,5,21,0.3,long_short,-0.1446,-0.0192,-0.483,0.4871,828
129,momentum,63,21,21,0.2,long_short,-0.1461,-0.0223,-0.5031,0.5025,198
537,ma_cross,42,5,0,0.2,long_short,-0.1467,-0.0257,-0.5776,0.4994,828
187,momentum,126,63,21,0.1,long_short,-0.149,-0.0321,-0.6385,0.4874,66
239,momentum,252,63,21,0.3,long_short,-0.1496,-0.02,-0.3903,0.4928,66
183,momentum,126,63,0,0.2,long_short,-0.1499,-0.0247,-0.5303,0.5094,66
161,momentum,126,5,0,0.3,long_short,-0.1513,-0.0213,-0.4907,0.5059,828
21,momentum,10,63,0,0.2,long_short,-0.1593,-0.0226,-0.5137,0.4962,66
425,vol_adj_mom,126,63,0,0.3,long_short,-0.1608,-0.0197,-0.4459,0.5084,66
381,vol_adj_mom,63,63,21,0.2,long_short,-0.1627,-0.0213,-0.4626,0.4991,66
627,rsi_reversal,10,1,0,0.2,long_short,-0.1633,-0.024,-0.4968,0.4926,4140
551,ma_cross,42,63,0,0.3,long_short,-0.1654,-0.0224,-0.455,0.4987,66
447,vol_adj_mom,252,5,0,0.2,long_short,-0.1683,-0.0284,-0.629,0.4834,828
649,rsi_reversal,21,1,0,0.1,long_short,-0.1699,-0.0314,-0.5845,0.4955,4140
391,vol_adj_mom,126,1,21,0.1,long_short,-0.171,-0.0336,-0.6787,0.4982,4140
173,momentum,126,21,0,0.3,long_short,-0.1714,-0.024,-0.4649,0.5021,198
469,vol_adj_mom,252,63,0,0.1,long_short,-0.1716,-0.0351,-0.5944,0.4882,66
383,vol_adj_mom,63,63,21,0.3,long_short,-0.1716,-0.0188,-0.4512,0.5038,66
653,rsi_reversal,21,1,0,0.3,long_short,-0.1727,-0.0211,-0.4201,0.4859,4140
325,vol_adj_mom,42,63,0,0.1,long_short,-0.1728,-0.0305,-0.6698,0.5048,66
229,momentum,252,63,0,0.1,long_short,-0.1729,-0.0405,-0.7139,0.4835,66
87,momentum,42,63,0,0.2,long_short,-0.1736,-0.026,-0.5939,0.5045,66
115,momentum,63,5,21,0.1,long_short,-0.1753,-0.0373,-0.6987,0.5079,828
147,momentum,126,1,0,0.2,long_short,-0.1793,-0.0312,-0.6239,0.496,4140
331,vol_adj_mom,42,63,21,0.1,long_short,-0.1799,-0.0283,-0.4953,0.5006,66
375,vol_adj_mom,63,63,0,0.2,long_short,-0.1827,-0.0261,-0.622,0.4974,66
171,momentum,126,21,0,0.2,long_short,-0.1842,-0.0319,-0.578,0.496,198
121,momentum,63,21,0,0.1,long_short,-0.1866,-0.0407,-0.7114,0.5006,198
655,rsi_reversal,21,5,0,0.1,long_short,-0.1869,-0.0337,-0.5084,0.4907,828
473,vol_adj_mom,252,63,0,0.3,long_short,-0.1881,-0.0244,-0.4543,0.4901,66
159,momentum,126,5,0,0.2,long_short,-0.1894,-0.0328,-0.6078,0.4982,828
511,ma_cross,21,5,0,0.1,long_short,-0.1919,-0.0435,-0.7245,0.496,828
461,vol_adj_mom,252,21,0,0.3,long_short,-0.1922,-0.0261,-0.5132,0.4861,198
523,ma_cross,21,63,0,0.1,long_short,-0.1958,-0.0416,-0.6868,0.494,66
169,momentum,126,21,0,0.1,long_short,-0.1959,-0.0461,-0.7225,0.4955,198
629,rsi_reversal,10,1,0,0.3,long_short,-0.1962,-0.0242,-0.4108,0.4859,4140
155,momentum,126,1,21,0.3,long_short,-0.2029,-0.0276,-0.5126,0.5025,4140
263,vol_adj_mom,10,63,0,0.3,long_short,-0.2037,-0.0219,-0.5193,0.4962,66
449,vol_adj_mom,252,5,0,0.3,long_short,-0.2069,-0.0284,-0.5894,0.4897,828
435,vol_adj_mom,252,1,0,0.2,long_short,-0.2079,-0.0351,-0.6651,0.4871,4140
335,vol_adj_mom,42,63,21,0.3,long_short,-0.2086,-0.0215,-0.4189,0.4933,66
453,vol_adj_mom,252,5,21,0.2,long_short,-0.2144,-0.0347,-0.6238,0.4868,828
287,vol_adj_mom,21,63,0,0.3,long_short,-0.2162,-0.0234,-0.5459,0.5062,66
327,vol_adj_mom,42,63,0,0.2,long_short,-0.223,-0.0303,-0.6246,0.5031,66
437,vol_adj_mom,252,1,0,0.3,long_short,-0.2238,-0.0309,-0.5955,0.4897,4140
45,momentum,21,63,0,0.2,long_short,-0.2241,-0.0314,-0.5909,0.496,66
137,momentum,63,63,0,0.3,long_short,-0.2252,-0.0282,-0.5746,0.5055,66
405,vol_adj_mom,126,5,21,0.2,long_short,-0.2302,-0.0349,-0.5841,0.5062,828
321,vol_adj_mom,42,21,21,0.2,long_short,-0.2347,-0.031,-0.5069,0.5011,198
145,momentum,126,1,0,0.1,long_short,-0.2349,-0.0554,-0.8157,0.4895,4140
429,vol_adj_mom,126,63,21,0.2,long_short,-0.2378,-0.0338,-0.5477,0.4974,66
403,vol_adj_mom,126,5,21,0.1,long_short,-0.2444,-0.0484,-0.7035,0.4987,828
517,ma_cross,21,21,0,0.1,long_short,-0.249,-0.0563,-0.7569,0.4975,198
271,vol_adj_mom,21,5,0,0.1,long_short,-0.2497,-0.045,-0.684,0.4844,828
261,vol_adj_mom,10,63,0,0.2,long_short,-0.2505,-0.032,-0.6244,0.4884,66
393,vol_adj_mom,126,1,21,0.2,long_short,-0.2513,-0.0382,-0.6586,0.5037,4140
259,vol_adj_mom,10,63,0,0.1,long_short,-0.2529,-0.0414,-0.7119,0.4891,66
47,momentum,21,63,0,0.3,long_short,-0.2535,-0.0294,-0.5451,0.493,66
323,vol_adj_mom,42,21,21,0.3,long_short,-0.2572,-0.0278,-0.4934,0.4941,198
113,momentum,63,5,0,0.3,long_short,-0.2573,-0.0358,-0.6408,0.4955,828
479,vol_adj_mom,252,63,21,0.3,long_short,-0.2593,-0.0325,-0.4841,0.4857,66
149,momentum,126,1,0,0.3,long_short,-0.2601,-0.0367,-0.6145,0.4984,4140
361,vol_adj_mom,63,21,0,0.1,long_short,-0.2602,-0.0497,-0.7386,0.4975,198
371,vol_adj_mom,63,21,21,0.3,long_short,-0.2613,-0.0301,-0.5289,0.5076,198
715,rsi_reversal,63,63,0,0.1,long_short,-0.2676,-0.0494,-0.6829,0.4725,66
427,vol_adj_mom,126,63,21,0.1,long_short,-0.2684,-0.0503,-0.6473,0.4872,66
527,ma_cross,21,63,0,0.3,long_short,-0.2695,-0.0343,-0.5799,0.5004,66
367,vol_adj_mom,63,21,21,0.1,long_short,-0.2724,-0.0481,-0.693,0.5008,198
505,ma_cross,21,1,0,0.1,long_short,-0.2763,-0.063,-0.8156,0.4905,4140
65,momentum,42,5,0,0.3,long_short,-0.2768,-0.0375,-0.644,0.4921,828
285,vol_adj_mom,21,63,0,0.2,long_short,-0.2769,-0.0356,-0.6135,0.4952,66
89,momentum,42,63,0,0.3,long_short,-0.2781,-0.0344,-0.5838,0.5045,66
109,momentum,63,5,0,0.1,long_short,-0.279,-0.0636,-0.8141,0.4926,828
419,vol_adj_mom,126,21,21,0.3,long_short,-0.2795,-0.0353,-0.535,0.4941,198
417,vol_adj_mom,126,21,21,0.2,long_short,-0.2807,-0.0425,-0.6121,0.5066,198
525,ma_cross,21,63,0,0.2,long_short,-0.2812,-0.0444,-0.6887,0.5023,66
119,momentum,63,5,21,0.3,long_short,-0.2834,-0.0363,-0.6117,0.5023,828
369,vol_adj_mom,63,21,21,0.2,long_short,-0.2868,-0.0395,-0.5923,0.5006,198
13,momentum,10,21,0,0.1,long_short,-0.2899,-0.0548,-0.795,0.4866,198
399,vol_adj_mom,126,5,0,0.2,long_short,-0.2918,-0.0465,-0.6692,0.4924,828
413,vol_adj_mom,126,21,0,0.3,long_short,-0.2936,-0.0386,-0.5597,0.4992,198
491,ma_cross,10,5,0,0.3,long_short,-0.2948,-0.0388,-0.6564,0.488,828
423,vol_adj_mom,126,63,0,0.2,long_short,-0.2956,-0.0431,-0.6236,0.5001,66
487,ma_cross,10,5,0,0.1,long_short,-0.2972,-0.0632,-0.826,0.4861,828
283,vol_adj_mom,21,63,0,0.1,long_short,-0.301,-0.0499,-0.7328,0.4908,66
73,momentum,42,21,0,0.1,long_short,-0.3045,-0.0654,-0.7655,0.4994,198
31,momentum,21,5,0,0.1,long_short,-0.307,-0.0638,-0.7648,0.4825,828
421,vol_adj_mom,126,63,0,0.1,long_short,-0.3101,-0.0592,-0.7245,0.496,66
75,momentum,42,21,0,0.2,long_short,-0.3126,-0.0504,-0.7436,0.4979,198
401,vol_adj_mom,126,5,0,0.3,long_short,-0.3127,-0.0414,-0.6151,0.496,828
77,momentum,42,21,0,0.3,long_short,-0.313,-0.0411,-0.6739,0.4989,198
509,ma_cross,21,1,0,0.3,long_short,-0.3135,-0.0435,-0.7208,0.4992,4140
407,vol_adj_mom,126,5,21,0.3,long_short,-0.3136,-0.0393,-0.5652,0.4943,828
515,ma_cross,21,5,0,0.3,long_short,-0.3138,-0.0432,-0.7207,0.5016,828
63,momentum,42,5,0,0.2,long_short,-0.3154,-0.0523,-0.746,0.4902,828
485,ma_cross,10,1,0,0.3,long_short,-0.3186,-0.0427,-0.6907,0.49,4140
103,momentum,63,1,21,0.1,long_short,-0.3191,-0.068,-0.806,0.4999,4140
409,vol_adj_mom,126,21,0,0.1,long_short,-0.3233,-0.0658,-0.7491,0.496,198
411,vol_adj_mom,126,21,0,0.2,long_short,-0.3254,-0.0514,-0.6711,0.4946,198
117,momentum,63,5,21,0.2,long_short,-0.3254,-0.0514,-0.7232,0.4967,828
499,ma_cross,10,63,0,0.1,long_short,-0.3317,-0.0667,-0.8033,0.4908,66
67,momentum,42,5,21,0.1,long_short,-0.3323,-0.0665,-0.7887,0.4842,828
397,vol_adj_mom,126,5,0,0.1,long_short,-0.3372,-0.0695,-0.7828,0.4871,828
123,momentum,63,21,0,0.2,long_short,-0.3378,-0.0559,-0.7387,0.4987,198
521,ma_cross,21,21,0,0.3,long_short,-0.338,-0.0458,-0.6585,0.4999,198
355,vol_adj_mom,63,5,21,0.1,long_short,-0.3414,-0.0614,-0.7745,0.5054,828
111,momentum,63,5,0,0.2,long_short,-0.342,-0.058,-0.7559,0.4972,828
513,ma_cross,21,5,0,0.2,long_short,-0.3423,-0.058,-0.7729,0.4909,828
69,momentum,42,5,21,0.2,long_short,-0.3459,-0.0511,-0.7046,0.4929,828
125,momentum,63,21,0,0.3,long_short,-0.3475,-0.0465,-0.6695,0.5033,198
481,ma_cross,10,1,0,0.1,long_short,-0.3483,-0.0752,-0.8586,0.4847,4140
329,vol_adj_mom,42,63,0,0.3,long_short,-0.3513,-0.0403,-0.6371,0.4996,66
353,vol_adj_mom,63,5,0,0.3,long_short,-0.3524,-0.0462,-0.6774,0.4912,828
71,momentum,42,5,21,0.3,long_short,-0.3552,-0.0432,-0.6302,0.4979,828
319,vol_adj_mom,42,21,21,0.1,long_short,-0.357,-0.06,-0.7024,0.5037,198
415,vol_adj_mom,126,21,21,0.1,long_short,-0.3571,-0.072,-0.7703,0.489,198
273,vol_adj_mom,21,5,0,0.2,long_short,-0.3588,-0.0513,-0.6767,0.4866,828
377,vol_adj_mom,63,63,0,0.3,long_short,-0.3596,-0.0424,-0.6417,0.4962,66
519,ma_cross,21,21,0,0.2,long_short,-0.3631,-0.061,-0.7457,0.495,198
33,momentum,21,5,0,0.2,long_short,-0.3658,-0.0575,-0.7115,0.4907,828
11,momentum,10,5,0,0.3,long_short,-0.3669,-0.0469,-0.6461,0.489,828
37,momentum,21,21,0,0.1,long_short,-0.3681,-0.0735,-0.8185,0.4912,198
305,vol_adj_mom,42,5,0,0.3,long_short,-0.3712,-0.0468,-0.6713,0.4859,828
9,momentum,10,5,0,0.2,long_short,-0.3741,-0.0585,-0.7078,0.4914,828
61,momentum,42,5,0,0.1,long_short,-0.3762,-0.0828,-0.847,0.4907,828
501,ma_cross,10,63,0,0.2,long_short,-0.3764,-0.0547,-0.7322,0.4969,66
351,vol_adj_mom,63,5,0,0.2,long_short,-0.3769,-0.0591,-0.7448,0.4941,828
483,ma_cross,10,1,0,0.2,long_short,-0.377,-0.0618,-0.7879,0.4847,4140
35,momentum,21,5,0,0.3,long_short,-0.3782,-0.0488,-0.6538,0.4871,828
359,vol_adj_mom,63,5,21,0.3,long_short,-0.3788,-0.0449,-0.6399,0.4958,828
489,ma_cross,10,5,0,0.2,long_short,-0.3809,-0.0613,-0.7846,0.4844,828
385,vol_adj_mom,126,1,0,0.1,long_short,-0.3924,-0.0805,-0.8281,0.4825,4140
343,vol_adj_mom,63,1,21,0.1,long_short,-0.3927,-0.0718,-0.8237,0.4999,4140
357,vol_adj_mom,63,5,21,0.2,long_short,-0.3927,-0.056,-0.7124,0.4982,828
363,vol_adj_mom,63,21,0,0.2,long_short,-0.3963,-0.06,-0.7215,0.497,198
395,vol_adj_mom,126,1,21,0.3,long_short,-0.3966,-0.0499,-0.6416,0.5011,4140
313,vol_adj_mom,42,21,0,0.1,long_short,-0.3991,-0.0735,-0.8033,0.4941,198
365,vol_adj_mom,63,21,0,0.3,long_short,-0.402,-0.051,-0.6714,0.5008,198
15,momentum,10,21,0,0.2,long_short,-0.4059,-0.0587,-0.7707,0.4975,198
101,momentum,63,1,0,0.3,long_short,-0.4064,-0.0576,-0.7632,0.4907,4140
389,vol_adj_mom,126,1,0,0.3,long_short,-0.4072,-0.0541,-0.69,0.4892,4140
107,momentum,63,1,21,0.3,long_short,-0.4077,-0.053,-0.708,0.4996,4140
507,ma_cross,21,1,0,0.2,long_short,-0.4084,-0.0697,-0.8138,0.4888,4140
387,vol_adj_mom,126,1,0,0.2,long_short,-0.4113,-0.0657,-0.771,0.4895,4140
303,vol_adj_mom,42,5,0,0.2,long_short,-0.4145,-0.0623,-0.753,0.4863,828
301,vol_adj_mom,42,5,0,0.1,long_short,-0.4171,-0.0787,-0.8121,0.4909,828
253,vol_adj_mom,10,21,0,0.1,long_short,-0.419,-0.0683,-0.7978,0.4851,198
309,vol_adj_mom,42,5,21,0.2,long_short,-0.4192,-0.0556,-0.7347,0.4909,828
275,vol_adj_mom,21,5,0,0.3,long_short,-0.4205,-0.0493,-0.6602,0.4827,828
493,ma_cross,10,21,0,0.1,long_short,-0.4249,-0.0892,-0.8558,0.488,198
307,vol_adj_mom,42,5,21,0.1,long_short,-0.4263,-0.072,-0.7781,0.4921,828
249,vol_adj_mom,10,5,0,0.2,long_short,-0.4353,-0.0602,-0.6971,0.4842,828
53,momentum,42,1,0,0.3,long_short,-0.4436,-0.0615,-0.7525,0.4912,4140
349,vol_adj_mom,63,5,0,0.1,long_short,-0.4463,-0.0876,-0.8445,0.4888,828
265,vol_adj_mom,21,1,0,0.1,long_short,-0.4527,-0.0824,-0.8397,0.4755,4140
315,vol_adj_mom,42,21,0,0.2,long_short,-0.4566,-0.0663,-0.7699,0.4907,198
503,ma_cross,10,63,0,0.3,long_short,-0.4591,-0.0545,-0.7,0.4962,66
97,momentum,63,1,0,0.1,long_short,-0.4699,-0.1085,-0.9176,0.4844,4140
251,vol_adj_mom,10,5,0,0.3,long_short,-0.4737,-0.0546,-0.6694,0.4842,828
345,vol_adj_mom,63,1,21,0.2,long_short,-0.4753,-0.0686,-0.7901,0.4948,4140
17,momentum,10,21,0,0.3,long_short,-0.4755,-0.0566,-0.7171,0.495,198
51,momentum,42,1,0,0.2,long_short,-0.4759,-0.0804,-0.8325,0.4844,4140
55,momentum,42,1,21,0.1,long_short,-0.4811,-0.0974,-0.8577,0.4912,4140
247,vol_adj_mom,10,5,0,0.1,long_short,-0.4896,-0.0833,-0.8071,0.4769,828
257,vol_adj_mom,10,21,0,0.3,long_short,-0.493,-0.0537,-0.7074,0.4859,198
255,vol_adj_mom,10,21,0,0.2,long_short,-0.4997,-0.0647,-0.7714,0.482,198
341,vol_adj_mom,63,1,0,0.3,long_short,-0.5031,-0.0666,-0.775,0.49,4140
317,vol_adj_mom,42,21,0,0.3,long_short,-0.5058,-0.0624,-0.7453,0.4902,198
105,momentum,63,1,21,0.2,long_short,-0.5071,-0.0807,-0.8308,0.4967,4140
347,vol_adj_mom,63,1,21,0.3,long_short,-0.5074,-0.0608,-0.732,0.4979,4140
7,momentum,10,5,0,0.1,long_short,-0.5111,-0.1038,-0.8567,0.4786,828
277,vol_adj_mom,21,21,0,0.1,long_short,-0.5115,-0.0864,-0.8437,0.4878,198
311,vol_adj_mom,42,5,21,0.3,long_short,-0.5182,-0.0572,-0.6944,0.4965,828
495,ma_cross,10,21,0,0.2,long_short,-0.5319,-0.0838,-0.8359,0.4914,198
99,momentum,63,1,0,0.2,long_short,-0.5339,-0.0926,-0.8705,0.4905,4140
337,vol_adj_mom,63,1,0,0.1,long_short,-0.5448,-0.1078,-0.9024,0.4832,4140
49,momentum,42,1,0,0.1,long_short,-0.5459,-0.1229,-0.9144,0.4851,4140
291,vol_adj_mom,42,1,0,0.2,long_short,-0.5521,-0.0849,-0.8265,0.4813,4140
269,vol_adj_mom,21,1,0,0.3,long_short,-0.5554,-0.0672,-0.7429,0.4789,4140
339,vol_adj_mom,63,1,0,0.2,long_short,-0.5608,-0.0885,-0.8478,0.4909,4140
57,momentum,42,1,21,0.2,long_short,-0.5622,-0.084,-0.8103,0.4938,4140
25,momentum,21,1,0,0.1,long_short,-0.564,-0.1215,-0.914,0.4815,4140
293,vol_adj_mom,42,1,0,0.3,long_short,-0.5732,-0.0734,-0.7788,0.4815,4140
29,momentum,21,1,0,0.3,long_short,-0.5792,-0.0771,-0.7749,0.482,4140
41,momentum,21,21,0,0.3,long_short,-0.5966,-0.0735,-0.7831,0.4902,198
39,momentum,21,21,0,0.2,long_short,-0.601,-0.0895,-0.8319,0.4825,198
27,momentum,21,1,0,0.2,long_short,-0.6016,-0.0982,-0.8559,0.4803,4140
289,vol_adj_mom,42,1,0,0.1,long_short,-0.6035,-0.1148,-0.897,0.4798,4140
497,ma_cross,10,21,0,0.3,long_short,-0.6072,-0.078,-0.8045,0.4827,198
59,momentum,42,1,21,0.3,long_short,-0.6169,-0.0755,-0.7711,0.4955,4140
279,vol_adj_mom,21,21,0,0.2,long_short,-0.6279,-0.0836,-0.8127,0.4764,198
267,vol_adj_mom,21,1,0,0.2,long_short,-0.6323,-0.0921,-0.8413,0.4842,4140
297,vol_adj_mom,42,1,21,0.2,long_short,-0.6699,-0.0907,-0.829,0.4847,4140
281,vol_adj_mom,21,21,0,0.3,long_short,-0.675,-0.0761,-0.7816,0.4842,198
299,vol_adj_mom,42,1,21,0.3,long_short,-0.6769,-0.076,-0.771,0.4921,4140
295,vol_adj_mom,42,1,21,0.1,long_short,-0.7124,-0.1234,-0.9063,0.4885,4140
3,momentum,10,1,0,0.2,long_short,-0.723,-0.1186,-0.8986,0.4808,4140
243,vol_adj_mom,10,1,0,0.2,long_short,-0.7258,-0.105,-0.8612,0.4687,4140
5,momentum,10,1,0,0.3,long_short,-0.7345,-0.0996,-0.8424,0.4803,4140
245,vol_adj_mom,10,1,0,0.3,long_short,-0.7416,-0.0908,-0.8127,0.4706,4140
1,momentum,10,1,0,0.1,long_short,-0.8198,-0.1771,-0.9668,0.4719,4140
241,vol_adj_mom,10,1,0,0.1,long_short,-0.8548,-0.1562,-0.9559,0.4607,4140
