job_id,strategy,lookback,entry_day,yes_threshold,no_threshold,min_days_left,sharpe,avg_return,max_drawdown,win_rate,n_bets,avg_hold_days
802,calibration,3,7,0.6,0.35,1,4.2545,0.1894,0.0,1.0,17,66.1
819,calibration,3,14,0.6,0.35,7,4.2545,0.1894,0.0,1.0,17,66.1
818,calibration,3,14,0.6,0.35,1,4.2545,0.1894,0.0,1.0,17,66.1
820,calibration,3,14,0.6,0.4,1,4.2545,0.1894,0.0,1.0,17,66.1
771,calibration,3,1,0.6,0.35,7,4.2545,0.1894,0.0,1.0,17,66.1
933,calibration,14,7,0.6,0.4,7,4.2545,0.1894,0.0,1.0,17,66.1
930,calibration,14,7,0.6,0.35,1,4.2545,0.1894,0.0,1.0,17,66.1
932,calibration,14,7,0.6,0.4,1,4.2545,0.1894,0.0,1.0,17,66.1
853,calibration,7,3,0.6,0.4,7,4.2545,0.1894,0.0,1.0,17,66.1
882,calibration,7,14,0.6,0.35,1,4.2545,0.1894,0.0,1.0,17,66.1
884,calibration,7,14,0.6,0.4,1,4.2545,0.1894,0.0,1.0,17,66.1
899,calibration,14,1,0.6,0.35,7,4.2545,0.1894,0.0,1.0,17,66.1
821,calibration,3,14,0.6,0.4,7,4.2545,0.1894,0.0,1.0,17,66.1
804,calibration,3,7,0.6,0.4,1,4.2545,0.1894,0.0,1.0,17,66.1
805,calibration,3,7,0.6,0.4,7,4.2545,0.1894,0.0,1.0,17,66.1
803,calibration,3,7,0.6,0.35,7,4.2545,0.1894,0.0,1.0,17,66.1
851,calibration,7,3,0.6,0.35,7,4.2545,0.1894,0.0,1.0,17,66.1
850,calibration,7,3,0.6,0.35,1,4.2545,0.1894,0.0,1.0,17,66.1
931,calibration,14,7,0.6,0.35,7,4.2545,0.1894,0.0,1.0,17,66.1
898,calibration,14,1,0.6,0.35,1,4.2545,0.1894,0.0,1.0,17,66.1
900,calibration,14,1,0.6,0.4,1,4.2545,0.1894,0.0,1.0,17,66.1
835,calibration,7,1,0.6,0.35,7,4.2545,0.1894,0.0,1.0,17,66.1
901,calibration,14,1,0.6,0.4,7,4.2545,0.1894,0.0,1.0,17,66.1
836,calibration,7,1,0.6,0.4,1,4.2545,0.1894,0.0,1.0,17,66.1
837,calibration,7,1,0.6,0.4,7,4.2545,0.1894,0.0,1.0,17,66.1
868,calibration,7,7,0.6,0.4,1,4.2545,0.1894,0.0,1.0,17,66.1
866,calibration,7,7,0.6,0.35,1,4.2545,0.1894,0.0,1.0,17,66.1
786,calibration,3,3,0.6,0.35,1,4.2545,0.1894,0.0,1.0,17,66.1
772,calibration,3,1,0.6,0.4,1,4.2545,0.1894,0.0,1.0,17,66.1
770,calibration,3,1,0.6,0.35,1,4.2545,0.1894,0.0,1.0,17,66.1
834,calibration,7,1,0.6,0.35,1,4.2545,0.1894,0.0,1.0,17,66.1
883,calibration,7,14,0.6,0.35,7,4.2545,0.1894,0.0,1.0,17,66.1
867,calibration,7,7,0.6,0.35,7,4.2545,0.1894,0.0,1.0,17,66.1
869,calibration,7,7,0.6,0.4,7,4.2545,0.1894,0.0,1.0,17,66.1
788,calibration,3,3,0.6,0.4,1,4.2545,0.1894,0.0,1.0,17,66.1
789,calibration,3,3,0.6,0.4,7,4.2545,0.1894,0.0,1.0,17,66.1
787,calibration,3,3,0.6,0.35,7,4.2545,0.1894,0.0,1.0,17,66.1
773,calibration,3,1,0.6,0.4,7,4.2545,0.1894,0.0,1.0,17,66.1
1010,calibration,30,14,0.6,0.35,1,4.2545,0.1894,0.0,1.0,17,66.1
914,calibration,14,3,0.6,0.35,1,4.2545,0.1894,0.0,1.0,17,66.1
916,calibration,14,3,0.6,0.4,1,4.2545,0.1894,0.0,1.0,17,66.1
965,calibration,30,1,0.6,0.4,7,4.2545,0.1894,0.0,1.0,17,66.1
963,calibration,30,1,0.6,0.35,7,4.2545,0.1894,0.0,1.0,17,66.1
978,calibration,30,3,0.6,0.35,1,4.2545,0.1894,0.0,1.0,17,66.1
996,calibration,30,7,0.6,0.4,1,4.2545,0.1894,0.0,1.0,17,66.1
885,calibration,7,14,0.6,0.4,7,4.2545,0.1894,0.0,1.0,17,66.1
964,calibration,30,1,0.6,0.4,1,4.2545,0.1894,0.0,1.0,17,66.1
962,calibration,30,1,0.6,0.35,1,4.2545,0.1894,0.0,1.0,17,66.1
995,calibration,30,7,0.6,0.35,7,4.2545,0.1894,0.0,1.0,17,66.1
997,calibration,30,7,0.6,0.4,7,4.2545,0.1894,0.0,1.0,17,66.1
915,calibration,14,3,0.6,0.35,7,4.2545,0.1894,0.0,1.0,17,66.1
1011,calibration,30,14,0.6,0.35,7,4.2545,0.1894,0.0,1.0,17,66.1
1012,calibration,30,14,0.6,0.4,1,4.2545,0.1894,0.0,1.0,17,66.1
981,calibration,30,3,0.6,0.4,7,4.2545,0.1894,0.0,1.0,17,66.1
947,calibration,14,14,0.6,0.35,7,4.2545,0.1894,0.0,1.0,17,66.1
946,calibration,14,14,0.6,0.35,1,4.2545,0.1894,0.0,1.0,17,66.1
949,calibration,14,14,0.6,0.4,7,4.2545,0.1894,0.0,1.0,17,66.1
979,calibration,30,3,0.6,0.35,7,4.2545,0.1894,0.0,1.0,17,66.1
948,calibration,14,14,0.6,0.4,1,4.2545,0.1894,0.0,1.0,17,66.1
980,calibration,30,3,0.6,0.4,1,4.2545,0.1894,0.0,1.0,17,66.1
994,calibration,30,7,0.6,0.35,1,4.2545,0.1894,0.0,1.0,17,66.1
852,calibration,7,3,0.6,0.4,1,4.2545,0.1894,0.0,1.0,17,66.1
1013,calibration,30,14,0.6,0.4,7,4.2545,0.1894,0.0,1.0,17,66.1
917,calibration,14,3,0.6,0.4,7,4.2545,0.1894,0.0,1.0,17,66.1
830,calibration,3,14,0.7,0.35,1,4.2278,0.1638,0.0,1.0,16,70.1
826,calibration,3,14,0.65,0.4,1,4.2278,0.1638,0.0,1.0,16,70.1
825,calibration,3,14,0.65,0.35,7,4.2278,0.1638,0.0,1.0,16,70.1
990,calibration,30,3,0.7,0.35,1,4.2278,0.1638,0.0,1.0,16,70.1
840,calibration,7,1,0.65,0.35,1,4.2278,0.1638,0.0,1.0,16,70.1
831,calibration,3,14,0.7,0.35,7,4.2278,0.1638,0.0,1.0,16,70.1
847,calibration,7,1,0.7,0.35,7,4.2278,0.1638,0.0,1.0,16,70.1
846,calibration,7,1,0.7,0.35,1,4.2278,0.1638,0.0,1.0,16,70.1
841,calibration,7,1,0.65,0.35,7,4.2278,0.1638,0.0,1.0,16,70.1
843,calibration,7,1,0.65,0.4,7,4.2278,0.1638,0.0,1.0,16,70.1
969,calibration,30,1,0.65,0.35,7,4.2278,0.1638,0.0,1.0,16,70.1
842,calibration,7,1,0.65,0.4,1,4.2278,0.1638,0.0,1.0,16,70.1
858,calibration,7,3,0.65,0.4,1,4.2278,0.1638,0.0,1.0,16,70.1
984,calibration,30,3,0.65,0.35,1,4.2278,0.1638,0.0,1.0,16,70.1
799,calibration,3,3,0.7,0.35,7,4.2278,0.1638,0.0,1.0,16,70.1
798,calibration,3,3,0.7,0.35,1,4.2278,0.1638,0.0,1.0,16,70.1
814,calibration,3,7,0.7,0.35,1,4.2278,0.1638,0.0,1.0,16,70.1
815,calibration,3,7,0.7,0.35,7,4.2278,0.1638,0.0,1.0,16,70.1
986,calibration,30,3,0.65,0.4,1,4.2278,0.1638,0.0,1.0,16,70.1
987,calibration,30,3,0.65,0.4,7,4.2278,0.1638,0.0,1.0,16,70.1
809,calibration,3,7,0.65,0.35,7,4.2278,0.1638,0.0,1.0,16,70.1
985,calibration,30,3,0.65,0.35,7,4.2278,0.1638,0.0,1.0,16,70.1
874,calibration,7,7,0.65,0.4,1,4.2278,0.1638,0.0,1.0,16,70.1
1019,calibration,30,14,0.65,0.4,7,4.2278,0.1638,0.0,1.0,16,70.1
810,calibration,3,7,0.65,0.4,1,4.2278,0.1638,0.0,1.0,16,70.1
811,calibration,3,7,0.65,0.4,7,4.2278,0.1638,0.0,1.0,16,70.1
808,calibration,3,7,0.65,0.35,1,4.2278,0.1638,0.0,1.0,16,70.1
827,calibration,3,14,0.65,0.4,7,4.2278,0.1638,0.0,1.0,16,70.1
1022,calibration,30,14,0.7,0.35,1,4.2278,0.1638,0.0,1.0,16,70.1
1018,calibration,30,14,0.65,0.4,1,4.2278,0.1638,0.0,1.0,16,70.1
824,calibration,3,14,0.65,0.35,1,4.2278,0.1638,0.0,1.0,16,70.1
1023,calibration,30,14,0.7,0.35,7,4.2278,0.1638,0.0,1.0,16,70.1
872,calibration,7,7,0.65,0.35,1,4.2278,0.1638,0.0,1.0,16,70.1
991,calibration,30,3,0.7,0.35,7,4.2278,0.1638,0.0,1.0,16,70.1
1017,calibration,30,14,0.65,0.35,7,4.2278,0.1638,0.0,1.0,16,70.1
895,calibration,7,14,0.7,0.35,7,4.2278,0.1638,0.0,1.0,16,70.1
891,calibration,7,14,0.65,0.4,7,4.2278,0.1638,0.0,1.0,16,70.1
890,calibration,7,14,0.65,0.4,1,4.2278,0.1638,0.0,1.0,16,70.1
889,calibration,7,14,0.65,0.35,7,4.2278,0.1638,0.0,1.0,16,70.1
888,calibration,7,14,0.65,0.35,1,4.2278,0.1638,0.0,1.0,16,70.1
943,calibration,14,7,0.7,0.35,7,4.2278,0.1638,0.0,1.0,16,70.1
938,calibration,14,7,0.65,0.4,1,4.2278,0.1638,0.0,1.0,16,70.1
942,calibration,14,7,0.7,0.35,1,4.2278,0.1638,0.0,1.0,16,70.1
937,calibration,14,7,0.65,0.35,7,4.2278,0.1638,0.0,1.0,16,70.1
939,calibration,14,7,0.65,0.4,7,4.2278,0.1638,0.0,1.0,16,70.1
936,calibration,14,7,0.65,0.35,1,4.2278,0.1638,0.0,1.0,16,70.1
953,calibration,14,14,0.65,0.35,7,4.2278,0.1638,0.0,1.0,16,70.1
959,calibration,14,14,0.7,0.35,7,4.2278,0.1638,0.0,1.0,16,70.1
954,calibration,14,14,0.65,0.4,1,4.2278,0.1638,0.0,1.0,16,70.1
970,calibration,30,1,0.65,0.4,1,4.2278,0.1638,0.0,1.0,16,70.1
955,calibration,14,14,0.65,0.4,7,4.2278,0.1638,0.0,1.0,16,70.1
952,calibration,14,14,0.65,0.35,1,4.2278,0.1638,0.0,1.0,16,70.1
920,calibration,14,3,0.65,0.35,1,4.2278,0.1638,0.0,1.0,16,70.1
1002,calibration,30,7,0.65,0.4,1,4.2278,0.1638,0.0,1.0,16,70.1
1006,calibration,30,7,0.7,0.35,1,4.2278,0.1638,0.0,1.0,16,70.1
1007,calibration,30,7,0.7,0.35,7,4.2278,0.1638,0.0,1.0,16,70.1
1000,calibration,30,7,0.65,0.35,1,4.2278,0.1638,0.0,1.0,16,70.1
1003,calibration,30,7,0.65,0.4,7,4.2278,0.1638,0.0,1.0,16,70.1
1001,calibration,30,7,0.65,0.35,7,4.2278,0.1638,0.0,1.0,16,70.1
1016,calibration,30,14,0.65,0.35,1,4.2278,0.1638,0.0,1.0,16,70.1
971,calibration,30,1,0.65,0.4,7,4.2278,0.1638,0.0,1.0,16,70.1
975,calibration,30,1,0.7,0.35,7,4.2278,0.1638,0.0,1.0,16,70.1
974,calibration,30,1,0.7,0.35,1,4.2278,0.1638,0.0,1.0,16,70.1
968,calibration,30,1,0.65,0.35,1,4.2278,0.1638,0.0,1.0,16,70.1
958,calibration,14,14,0.7,0.35,1,4.2278,0.1638,0.0,1.0,16,70.1
905,calibration,14,1,0.65,0.35,7,4.2278,0.1638,0.0,1.0,16,70.1
904,calibration,14,1,0.65,0.35,1,4.2278,0.1638,0.0,1.0,16,70.1
857,calibration,7,3,0.65,0.35,7,4.2278,0.1638,0.0,1.0,16,70.1
911,calibration,14,1,0.7,0.35,7,4.2278,0.1638,0.0,1.0,16,70.1
910,calibration,14,1,0.7,0.35,1,4.2278,0.1638,0.0,1.0,16,70.1
906,calibration,14,1,0.65,0.4,1,4.2278,0.1638,0.0,1.0,16,70.1
907,calibration,14,1,0.65,0.4,7,4.2278,0.1638,0.0,1.0,16,70.1
856,calibration,7,3,0.65,0.35,1,4.2278,0.1638,0.0,1.0,16,70.1
862,calibration,7,3,0.7,0.35,1,4.2278,0.1638,0.0,1.0,16,70.1
859,calibration,7,3,0.65,0.4,7,4.2278,0.1638,0.0,1.0,16,70.1
873,calibration,7,7,0.65,0.35,7,4.2278,0.1638,0.0,1.0,16,70.1
863,calibration,7,3,0.7,0.35,7,4.2278,0.1638,0.0,1.0,16,70.1
879,calibration,7,7,0.7,0.35,7,4.2278,0.1638,0.0,1.0,16,70.1
783,calibration,3,1,0.7,0.35,7,4.2278,0.1638,0.0,1.0,16,70.1
894,calibration,7,14,0.7,0.35,1,4.2278,0.1638,0.0,1.0,16,70.1
778,calibration,3,1,0.65,0.4,1,4.2278,0.1638,0.0,1.0,16,70.1
777,calibration,3,1,0.65,0.35,7,4.2278,0.1638,0.0,1.0,16,70.1
776,calibration,3,1,0.65,0.35,1,4.2278,0.1638,0.0,1.0,16,70.1
782,calibration,3,1,0.7,0.35,1,4.2278,0.1638,0.0,1.0,16,70.1
795,calibration,3,3,0.65,0.4,7,4.2278,0.1638,0.0,1.0,16,70.1
794,calibration,3,3,0.65,0.4,1,4.2278,0.1638,0.0,1.0,16,70.1
793,calibration,3,3,0.65,0.35,7,4.2278,0.1638,0.0,1.0,16,70.1
792,calibration,3,3,0.65,0.35,1,4.2278,0.1638,0.0,1.0,16,70.1
923,calibration,14,3,0.65,0.4,7,4.2278,0.1638,0.0,1.0,16,70.1
922,calibration,14,3,0.65,0.4,1,4.2278,0.1638,0.0,1.0,16,70.1
926,calibration,14,3,0.7,0.35,1,4.2278,0.1638,0.0,1.0,16,70.1
921,calibration,14,3,0.65,0.35,7,4.2278,0.1638,0.0,1.0,16,70.1
927,calibration,14,3,0.7,0.35,7,4.2278,0.1638,0.0,1.0,16,70.1
875,calibration,7,7,0.65,0.4,7,4.2278,0.1638,0.0,1.0,16,70.1
878,calibration,7,7,0.7,0.35,1,4.2278,0.1638,0.0,1.0,16,70.1
779,calibration,3,1,0.65,0.4,7,4.2278,0.1638,0.0,1.0,16,70.1
774,calibration,3,1,0.65,0.3,1,4.1126,0.1426,0.0,1.0,15,67.8
775,calibration,3,1,0.65,0.3,7,4.1126,0.1426,0.0,1.0,15,67.8
781,calibration,3,1,0.7,0.3,7,4.1126,0.1426,0.0,1.0,15,67.8
893,calibration,7,14,0.7,0.3,7,4.1126,0.1426,0.0,1.0,15,67.8
941,calibration,14,7,0.7,0.3,7,4.1126,0.1426,0.0,1.0,15,67.8
951,calibration,14,14,0.65,0.3,7,4.1126,0.1426,0.0,1.0,15,67.8
950,calibration,14,14,0.65,0.3,1,4.1126,0.1426,0.0,1.0,15,67.8
956,calibration,14,14,0.7,0.3,1,4.1126,0.1426,0.0,1.0,15,67.8
957,calibration,14,14,0.7,0.3,7,4.1126,0.1426,0.0,1.0,15,67.8
940,calibration,14,7,0.7,0.3,1,4.1126,0.1426,0.0,1.0,15,67.8
935,calibration,14,7,0.65,0.3,7,4.1126,0.1426,0.0,1.0,15,67.8
934,calibration,14,7,0.65,0.3,1,4.1126,0.1426,0.0,1.0,15,67.8
886,calibration,7,14,0.65,0.3,1,4.1126,0.1426,0.0,1.0,15,67.8
887,calibration,7,14,0.65,0.3,7,4.1126,0.1426,0.0,1.0,15,67.8
892,calibration,7,14,0.7,0.3,1,4.1126,0.1426,0.0,1.0,15,67.8
855,calibration,7,3,0.65,0.3,7,4.1126,0.1426,0.0,1.0,15,67.8
860,calibration,7,3,0.7,0.3,1,4.1126,0.1426,0.0,1.0,15,67.8
861,calibration,7,3,0.7,0.3,7,4.1126,0.1426,0.0,1.0,15,67.8
877,calibration,7,7,0.7,0.3,7,4.1126,0.1426,0.0,1.0,15,67.8
870,calibration,7,7,0.65,0.3,1,4.1126,0.1426,0.0,1.0,15,67.8
871,calibration,7,7,0.65,0.3,7,4.1126,0.1426,0.0,1.0,15,67.8
925,calibration,14,3,0.7,0.3,7,4.1126,0.1426,0.0,1.0,15,67.8
919,calibration,14,3,0.65,0.3,7,4.1126,0.1426,0.0,1.0,15,67.8
845,calibration,7,1,0.7,0.3,7,4.1126,0.1426,0.0,1.0,15,67.8
844,calibration,7,1,0.7,0.3,1,4.1126,0.1426,0.0,1.0,15,67.8
902,calibration,14,1,0.65,0.3,1,4.1126,0.1426,0.0,1.0,15,67.8
903,calibration,14,1,0.65,0.3,7,4.1126,0.1426,0.0,1.0,15,67.8
908,calibration,14,1,0.7,0.3,1,4.1126,0.1426,0.0,1.0,15,67.8
909,calibration,14,1,0.7,0.3,7,4.1126,0.1426,0.0,1.0,15,67.8
966,calibration,30,1,0.65,0.3,1,4.1126,0.1426,0.0,1.0,15,67.8
967,calibration,30,1,0.65,0.3,7,4.1126,0.1426,0.0,1.0,15,67.8
972,calibration,30,1,0.7,0.3,1,4.1126,0.1426,0.0,1.0,15,67.8
973,calibration,30,1,0.7,0.3,7,4.1126,0.1426,0.0,1.0,15,67.8
982,calibration,30,3,0.65,0.3,1,4.1126,0.1426,0.0,1.0,15,67.8
983,calibration,30,3,0.65,0.3,7,4.1126,0.1426,0.0,1.0,15,67.8
989,calibration,30,3,0.7,0.3,7,4.1126,0.1426,0.0,1.0,15,67.8
988,calibration,30,3,0.7,0.3,1,4.1126,0.1426,0.0,1.0,15,67.8
854,calibration,7,3,0.65,0.3,1,4.1126,0.1426,0.0,1.0,15,67.8
807,calibration,3,7,0.65,0.3,7,4.1126,0.1426,0.0,1.0,15,67.8
806,calibration,3,7,0.65,0.3,1,4.1126,0.1426,0.0,1.0,15,67.8
876,calibration,7,7,0.7,0.3,1,4.1126,0.1426,0.0,1.0,15,67.8
822,calibration,3,14,0.65,0.3,1,4.1126,0.1426,0.0,1.0,15,67.8
828,calibration,3,14,0.7,0.3,1,4.1126,0.1426,0.0,1.0,15,67.8
829,calibration,3,14,0.7,0.3,7,4.1126,0.1426,0.0,1.0,15,67.8
839,calibration,7,1,0.65,0.3,7,4.1126,0.1426,0.0,1.0,15,67.8
838,calibration,7,1,0.65,0.3,1,4.1126,0.1426,0.0,1.0,15,67.8
812,calibration,3,7,0.7,0.3,1,4.1126,0.1426,0.0,1.0,15,67.8
813,calibration,3,7,0.7,0.3,7,4.1126,0.1426,0.0,1.0,15,67.8
823,calibration,3,14,0.65,0.3,7,4.1126,0.1426,0.0,1.0,15,67.8
780,calibration,3,1,0.7,0.3,1,4.1126,0.1426,0.0,1.0,15,67.8
790,calibration,3,3,0.65,0.3,1,4.1126,0.1426,0.0,1.0,15,67.8
791,calibration,3,3,0.65,0.3,7,4.1126,0.1426,0.0,1.0,15,67.8
796,calibration,3,3,0.7,0.3,1,4.1126,0.1426,0.0,1.0,15,67.8
797,calibration,3,3,0.7,0.3,7,4.1126,0.1426,0.0,1.0,15,67.8
1004,calibration,30,7,0.7,0.3,1,4.1126,0.1426,0.0,1.0,15,67.8
1005,calibration,30,7,0.7,0.3,7,4.1126,0.1426,0.0,1.0,15,67.8
1014,calibration,30,14,0.65,0.3,1,4.1126,0.1426,0.0,1.0,15,67.8
1015,calibration,30,14,0.65,0.3,7,4.1126,0.1426,0.0,1.0,15,67.8
1020,calibration,30,14,0.7,0.3,1,4.1126,0.1426,0.0,1.0,15,67.8
1021,calibration,30,14,0.7,0.3,7,4.1126,0.1426,0.0,1.0,15,67.8
918,calibration,14,3,0.65,0.3,1,4.1126,0.1426,0.0,1.0,15,67.8
924,calibration,14,3,0.7,0.3,1,4.1126,0.1426,0.0,1.0,15,67.8
998,calibration,30,7,0.65,0.3,1,4.1126,0.1426,0.0,1.0,15,67.8
999,calibration,30,7,0.65,0.3,7,4.1126,0.1426,0.0,1.0,15,67.8
880,calibration,7,14,0.6,0.3,1,3.9593,0.1712,0.0,1.0,16,63.7
801,calibration,3,7,0.6,0.3,7,3.9593,0.1712,0.0,1.0,16,63.7
833,calibration,7,1,0.6,0.3,7,3.9593,0.1712,0.0,1.0,16,63.7
816,calibration,3,14,0.6,0.3,1,3.9593,0.1712,0.0,1.0,16,63.7
817,calibration,3,14,0.6,0.3,7,3.9593,0.1712,0.0,1.0,16,63.7
832,calibration,7,1,0.6,0.3,1,3.9593,0.1712,0.0,1.0,16,63.7
849,calibration,7,3,0.6,0.3,7,3.9593,0.1712,0.0,1.0,16,63.7
960,calibration,30,1,0.6,0.3,1,3.9593,0.1712,0.0,1.0,16,63.7
961,calibration,30,1,0.6,0.3,7,3.9593,0.1712,0.0,1.0,16,63.7
976,calibration,30,3,0.6,0.3,1,3.9593,0.1712,0.0,1.0,16,63.7
977,calibration,30,3,0.6,0.3,7,3.9593,0.1712,0.0,1.0,16,63.7
881,calibration,7,14,0.6,0.3,7,3.9593,0.1712,0.0,1.0,16,63.7
896,calibration,14,1,0.6,0.3,1,3.9593,0.1712,0.0,1.0,16,63.7
768,calibration,3,1,0.6,0.3,1,3.9593,0.1712,0.0,1.0,16,63.7
928,calibration,14,7,0.6,0.3,1,3.9593,0.1712,0.0,1.0,16,63.7
864,calibration,7,7,0.6,0.3,1,3.9593,0.1712,0.0,1.0,16,63.7
865,calibration,7,7,0.6,0.3,7,3.9593,0.1712,0.0,1.0,16,63.7
929,calibration,14,7,0.6,0.3,7,3.9593,0.1712,0.0,1.0,16,63.7
897,calibration,14,1,0.6,0.3,7,3.9593,0.1712,0.0,1.0,16,63.7
944,calibration,14,14,0.6,0.3,1,3.9593,0.1712,0.0,1.0,16,63.7
945,calibration,14,14,0.6,0.3,7,3.9593,0.1712,0.0,1.0,16,63.7
769,calibration,3,1,0.6,0.3,7,3.9593,0.1712,0.0,1.0,16,63.7
784,calibration,3,3,0.6,0.3,1,3.9593,0.1712,0.0,1.0,16,63.7
848,calibration,7,3,0.6,0.3,1,3.9593,0.1712,0.0,1.0,16,63.7
912,calibration,14,3,0.6,0.3,1,3.9593,0.1712,0.0,1.0,16,63.7
800,calibration,3,7,0.6,0.3,1,3.9593,0.1712,0.0,1.0,16,63.7
1009,calibration,30,14,0.6,0.3,7,3.9593,0.1712,0.0,1.0,16,63.7
1008,calibration,30,14,0.6,0.3,1,3.9593,0.1712,0.0,1.0,16,63.7
993,calibration,30,7,0.6,0.3,7,3.9593,0.1712,0.0,1.0,16,63.7
992,calibration,30,7,0.6,0.3,1,3.9593,0.1712,0.0,1.0,16,63.7
913,calibration,14,3,0.6,0.3,7,3.9593,0.1712,0.0,1.0,16,63.7
785,calibration,3,3,0.6,0.3,7,3.9593,0.1712,0.0,1.0,16,63.7
739,time_decay,30,7,0.6,0.35,7,3.2043,0.1068,-0.0025,0.9412,17,18.2
736,time_decay,30,7,0.6,0.3,1,3.2043,0.1068,-0.0025,0.9412,17,18.2
744,time_decay,30,7,0.65,0.35,1,3.2043,0.1068,-0.0025,0.9412,17,18.2
757,time_decay,30,14,0.6,0.4,7,3.2043,0.1068,-0.0025,0.9412,17,18.2
750,time_decay,30,7,0.7,0.35,1,3.2043,0.1068,-0.0025,0.9412,17,18.2
745,time_decay,30,7,0.65,0.35,7,3.2043,0.1068,-0.0025,0.9412,17,18.2
705,time_decay,30,1,0.6,0.3,7,3.2043,0.1068,-0.0025,0.9412,17,18.2
706,time_decay,30,1,0.6,0.35,1,3.2043,0.1068,-0.0025,0.9412,17,18.2
746,time_decay,30,7,0.65,0.4,1,3.2043,0.1068,-0.0025,0.9412,17,18.2
747,time_decay,30,7,0.65,0.4,7,3.2043,0.1068,-0.0025,0.9412,17,18.2
767,time_decay,30,14,0.7,0.35,7,3.2043,0.1068,-0.0025,0.9412,17,18.2
762,time_decay,30,14,0.65,0.4,1,3.2043,0.1068,-0.0025,0.9412,17,18.2
756,time_decay,30,14,0.6,0.4,1,3.2043,0.1068,-0.0025,0.9412,17,18.2
742,time_decay,30,7,0.65,0.3,1,3.2043,0.1068,-0.0025,0.9412,17,18.2
743,time_decay,30,7,0.65,0.3,7,3.2043,0.1068,-0.0025,0.9412,17,18.2
738,time_decay,30,7,0.6,0.35,1,3.2043,0.1068,-0.0025,0.9412,17,18.2
735,time_decay,30,3,0.7,0.35,7,3.2043,0.1068,-0.0025,0.9412,17,18.2
755,time_decay,30,14,0.6,0.35,7,3.2043,0.1068,-0.0025,0.9412,17,18.2
759,time_decay,30,14,0.65,0.3,7,3.2043,0.1068,-0.0025,0.9412,17,18.2
764,time_decay,30,14,0.7,0.3,1,3.2043,0.1068,-0.0025,0.9412,17,18.2
761,time_decay,30,14,0.65,0.35,7,3.2043,0.1068,-0.0025,0.9412,17,18.2
763,time_decay,30,14,0.65,0.4,7,3.2043,0.1068,-0.0025,0.9412,17,18.2
765,time_decay,30,14,0.7,0.3,7,3.2043,0.1068,-0.0025,0.9412,17,18.2
760,time_decay,30,14,0.65,0.35,1,3.2043,0.1068,-0.0025,0.9412,17,18.2
752,time_decay,30,14,0.6,0.3,1,3.2043,0.1068,-0.0025,0.9412,17,18.2
749,time_decay,30,7,0.7,0.3,7,3.2043,0.1068,-0.0025,0.9412,17,18.2
748,time_decay,30,7,0.7,0.3,1,3.2043,0.1068,-0.0025,0.9412,17,18.2
766,time_decay,30,14,0.7,0.35,1,3.2043,0.1068,-0.0025,0.9412,17,18.2
758,time_decay,30,14,0.65,0.3,1,3.2043,0.1068,-0.0025,0.9412,17,18.2
723,time_decay,30,3,0.6,0.35,7,3.2043,0.1068,-0.0025,0.9412,17,18.2
720,time_decay,30,3,0.6,0.3,1,3.2043,0.1068,-0.0025,0.9412,17,18.2
716,time_decay,30,1,0.7,0.3,1,3.2043,0.1068,-0.0025,0.9412,17,18.2
719,time_decay,30,1,0.7,0.35,7,3.2043,0.1068,-0.0025,0.9412,17,18.2
717,time_decay,30,1,0.7,0.3,7,3.2043,0.1068,-0.0025,0.9412,17,18.2
715,time_decay,30,1,0.65,0.4,7,3.2043,0.1068,-0.0025,0.9412,17,18.2
714,time_decay,30,1,0.65,0.4,1,3.2043,0.1068,-0.0025,0.9412,17,18.2
751,time_decay,30,7,0.7,0.35,7,3.2043,0.1068,-0.0025,0.9412,17,18.2
711,time_decay,30,1,0.65,0.3,7,3.2043,0.1068,-0.0025,0.9412,17,18.2
712,time_decay,30,1,0.65,0.35,1,3.2043,0.1068,-0.0025,0.9412,17,18.2
707,time_decay,30,1,0.6,0.35,7,3.2043,0.1068,-0.0025,0.9412,17,18.2
709,time_decay,30,1,0.6,0.4,7,3.2043,0.1068,-0.0025,0.9412,17,18.2
710,time_decay,30,1,0.65,0.3,1,3.2043,0.1068,-0.0025,0.9412,17,18.2
708,time_decay,30,1,0.6,0.4,1,3.2043,0.1068,-0.0025,0.9412,17,18.2
704,time_decay,30,1,0.6,0.3,1,3.2043,0.1068,-0.0025,0.9412,17,18.2
732,time_decay,30,3,0.7,0.3,1,3.2043,0.1068,-0.0025,0.9412,17,18.2
713,time_decay,30,1,0.65,0.35,7,3.2043,0.1068,-0.0025,0.9412,17,18.2
753,time_decay,30,14,0.6,0.3,7,3.2043,0.1068,-0.0025,0.9412,17,18.2
754,time_decay,30,14,0.6,0.35,1,3.2043,0.1068,-0.0025,0.9412,17,18.2
741,time_decay,30,7,0.6,0.4,7,3.2043,0.1068,-0.0025,0.9412,17,18.2
740,time_decay,30,7,0.6,0.4,1,3.2043,0.1068,-0.0025,0.9412,17,18.2
737,time_decay,30,7,0.6,0.3,7,3.2043,0.1068,-0.0025,0.9412,17,18.2
733,time_decay,30,3,0.7,0.3,7,3.2043,0.1068,-0.0025,0.9412,17,18.2
734,time_decay,30,3,0.7,0.35,1,3.2043,0.1068,-0.0025,0.9412,17,18.2
730,time_decay,30,3,0.65,0.4,1,3.2043,0.1068,-0.0025,0.9412,17,18.2
722,time_decay,30,3,0.6,0.35,1,3.2043,0.1068,-0.0025,0.9412,17,18.2
729,time_decay,30,3,0.65,0.35,7,3.2043,0.1068,-0.0025,0.9412,17,18.2
728,time_decay,30,3,0.65,0.35,1,3.2043,0.1068,-0.0025,0.9412,17,18.2
724,time_decay,30,3,0.6,0.4,1,3.2043,0.1068,-0.0025,0.9412,17,18.2
727,time_decay,30,3,0.65,0.3,7,3.2043,0.1068,-0.0025,0.9412,17,18.2
726,time_decay,30,3,0.65,0.3,1,3.2043,0.1068,-0.0025,0.9412,17,18.2
718,time_decay,30,1,0.7,0.35,1,3.2043,0.1068,-0.0025,0.9412,17,18.2
725,time_decay,30,3,0.6,0.4,7,3.2043,0.1068,-0.0025,0.9412,17,18.2
721,time_decay,30,3,0.6,0.3,7,3.2043,0.1068,-0.0025,0.9412,17,18.2
731,time_decay,30,3,0.65,0.4,7,3.2043,0.1068,-0.0025,0.9412,17,18.2
641,time_decay,14,1,0.6,0.3,7,2.8685,0.081,-0.0035,0.9412,17,10.4
644,time_decay,14,1,0.6,0.4,1,2.8685,0.081,-0.0035,0.9412,17,10.4
645,time_decay,14,1,0.6,0.4,7,2.8685,0.081,-0.0035,0.9412,17,10.4
640,time_decay,14,1,0.6,0.3,1,2.8685,0.081,-0.0035,0.9412,17,10.4
647,time_decay,14,1,0.65,0.3,7,2.8685,0.081,-0.0035,0.9412,17,10.4
649,time_decay,14,1,0.65,0.35,7,2.8685,0.081,-0.0035,0.9412,17,10.4
642,time_decay,14,1,0.6,0.35,1,2.8685,0.081,-0.0035,0.9412,17,10.4
643,time_decay,14,1,0.6,0.35,7,2.8685,0.081,-0.0035,0.9412,17,10.4
693,time_decay,14,14,0.6,0.4,7,2.8685,0.081,-0.0035,0.9412,17,10.4
699,time_decay,14,14,0.65,0.4,7,2.8685,0.081,-0.0035,0.9412,17,10.4
701,time_decay,14,14,0.7,0.3,7,2.8685,0.081,-0.0035,0.9412,17,10.4
702,time_decay,14,14,0.7,0.35,1,2.8685,0.081,-0.0035,0.9412,17,10.4
703,time_decay,14,14,0.7,0.35,7,2.8685,0.081,-0.0035,0.9412,17,10.4
700,time_decay,14,14,0.7,0.3,1,2.8685,0.081,-0.0035,0.9412,17,10.4
688,time_decay,14,14,0.6,0.3,1,2.8685,0.081,-0.0035,0.9412,17,10.4
692,time_decay,14,14,0.6,0.4,1,2.8685,0.081,-0.0035,0.9412,17,10.4
691,time_decay,14,14,0.6,0.35,7,2.8685,0.081,-0.0035,0.9412,17,10.4
696,time_decay,14,14,0.65,0.35,1,2.8685,0.081,-0.0035,0.9412,17,10.4
694,time_decay,14,14,0.65,0.3,1,2.8685,0.081,-0.0035,0.9412,17,10.4
695,time_decay,14,14,0.65,0.3,7,2.8685,0.081,-0.0035,0.9412,17,10.4
698,time_decay,14,14,0.65,0.4,1,2.8685,0.081,-0.0035,0.9412,17,10.4
697,time_decay,14,14,0.65,0.35,7,2.8685,0.081,-0.0035,0.9412,17,10.4
683,time_decay,14,7,0.65,0.4,7,2.8685,0.081,-0.0035,0.9412,17,10.4
681,time_decay,14,7,0.65,0.35,7,2.8685,0.081,-0.0035,0.9412,17,10.4
687,time_decay,14,7,0.7,0.35,7,2.8685,0.081,-0.0035,0.9412,17,10.4
685,time_decay,14,7,0.7,0.3,7,2.8685,0.081,-0.0035,0.9412,17,10.4
689,time_decay,14,14,0.6,0.3,7,2.8685,0.081,-0.0035,0.9412,17,10.4
684,time_decay,14,7,0.7,0.3,1,2.8685,0.081,-0.0035,0.9412,17,10.4
690,time_decay,14,14,0.6,0.35,1,2.8685,0.081,-0.0035,0.9412,17,10.4
686,time_decay,14,7,0.7,0.35,1,2.8685,0.081,-0.0035,0.9412,17,10.4
670,time_decay,14,3,0.7,0.35,1,2.8685,0.081,-0.0035,0.9412,17,10.4
677,time_decay,14,7,0.6,0.4,7,2.8685,0.081,-0.0035,0.9412,17,10.4
679,time_decay,14,7,0.65,0.3,7,2.8685,0.081,-0.0035,0.9412,17,10.4
675,time_decay,14,7,0.6,0.35,7,2.8685,0.081,-0.0035,0.9412,17,10.4
676,time_decay,14,7,0.6,0.4,1,2.8685,0.081,-0.0035,0.9412,17,10.4
678,time_decay,14,7,0.65,0.3,1,2.8685,0.081,-0.0035,0.9412,17,10.4
682,time_decay,14,7,0.65,0.4,1,2.8685,0.081,-0.0035,0.9412,17,10.4
680,time_decay,14,7,0.65,0.35,1,2.8685,0.081,-0.0035,0.9412,17,10.4
672,time_decay,14,7,0.6,0.3,1,2.8685,0.081,-0.0035,0.9412,17,10.4
671,time_decay,14,3,0.7,0.35,7,2.8685,0.081,-0.0035,0.9412,17,10.4
665,time_decay,14,3,0.65,0.35,7,2.8685,0.081,-0.0035,0.9412,17,10.4
667,time_decay,14,3,0.65,0.4,7,2.8685,0.081,-0.0035,0.9412,17,10.4
660,time_decay,14,3,0.6,0.4,1,2.8685,0.081,-0.0035,0.9412,17,10.4
666,time_decay,14,3,0.65,0.4,1,2.8685,0.081,-0.0035,0.9412,17,10.4
668,time_decay,14,3,0.7,0.3,1,2.8685,0.081,-0.0035,0.9412,17,10.4
669,time_decay,14,3,0.7,0.3,7,2.8685,0.081,-0.0035,0.9412,17,10.4
674,time_decay,14,7,0.6,0.35,1,2.8685,0.081,-0.0035,0.9412,17,10.4
673,time_decay,14,7,0.6,0.3,7,2.8685,0.081,-0.0035,0.9412,17,10.4
656,time_decay,14,3,0.6,0.3,1,2.8685,0.081,-0.0035,0.9412,17,10.4
659,time_decay,14,3,0.6,0.35,7,2.8685,0.081,-0.0035,0.9412,17,10.4
661,time_decay,14,3,0.6,0.4,7,2.8685,0.081,-0.0035,0.9412,17,10.4
657,time_decay,14,3,0.6,0.3,7,2.8685,0.081,-0.0035,0.9412,17,10.4
658,time_decay,14,3,0.6,0.35,1,2.8685,0.081,-0.0035,0.9412,17,10.4
662,time_decay,14,3,0.65,0.3,1,2.8685,0.081,-0.0035,0.9412,17,10.4
664,time_decay,14,3,0.65,0.35,1,2.8685,0.081,-0.0035,0.9412,17,10.4
663,time_decay,14,3,0.65,0.3,7,2.8685,0.081,-0.0035,0.9412,17,10.4
648,time_decay,14,1,0.65,0.35,1,2.8685,0.081,-0.0035,0.9412,17,10.4
650,time_decay,14,1,0.65,0.4,1,2.8685,0.081,-0.0035,0.9412,17,10.4
646,time_decay,14,1,0.65,0.3,1,2.8685,0.081,-0.0035,0.9412,17,10.4
651,time_decay,14,1,0.65,0.4,7,2.8685,0.081,-0.0035,0.9412,17,10.4
652,time_decay,14,1,0.7,0.3,1,2.8685,0.081,-0.0035,0.9412,17,10.4
653,time_decay,14,1,0.7,0.3,7,2.8685,0.081,-0.0035,0.9412,17,10.4
654,time_decay,14,1,0.7,0.35,1,2.8685,0.081,-0.0035,0.9412,17,10.4
655,time_decay,14,1,0.7,0.35,7,2.8685,0.081,-0.0035,0.9412,17,10.4
280,momentum,3,3,0.65,0.35,1,1.0572,0.0229,-0.0045,0.4,5,0.0
283,momentum,3,3,0.65,0.4,7,1.0572,0.0229,-0.0045,0.4,5,0.0
281,momentum,3,3,0.65,0.35,7,1.0572,0.0229,-0.0045,0.4,5,0.0
282,momentum,3,3,0.65,0.4,1,1.0572,0.0229,-0.0045,0.4,5,0.0
284,momentum,3,3,0.7,0.3,1,1.0572,0.0229,-0.0045,0.4,5,0.0
285,momentum,3,3,0.7,0.3,7,1.0572,0.0229,-0.0045,0.4,5,0.0
286,momentum,3,3,0.7,0.35,1,1.0572,0.0229,-0.0045,0.4,5,0.0
287,momentum,3,3,0.7,0.35,7,1.0572,0.0229,-0.0045,0.4,5,0.0
276,momentum,3,3,0.6,0.4,1,1.0572,0.0229,-0.0045,0.4,5,0.0
272,momentum,3,3,0.6,0.3,1,1.0572,0.0229,-0.0045,0.4,5,0.0
277,momentum,3,3,0.6,0.4,7,1.0572,0.0229,-0.0045,0.4,5,0.0
275,momentum,3,3,0.6,0.35,7,1.0572,0.0229,-0.0045,0.4,5,0.0
273,momentum,3,3,0.6,0.3,7,1.0572,0.0229,-0.0045,0.4,5,0.0
279,momentum,3,3,0.65,0.3,7,1.0572,0.0229,-0.0045,0.4,5,0.0
257,momentum,3,1,0.6,0.3,7,1.0572,0.0229,-0.0045,0.4,5,0.0
259,momentum,3,1,0.6,0.35,7,1.0572,0.0229,-0.0045,0.4,5,0.0
278,momentum,3,3,0.65,0.3,1,1.0572,0.0229,-0.0045,0.4,5,0.0
270,momentum,3,1,0.7,0.35,1,1.0572,0.0229,-0.0045,0.4,5,0.0
267,momentum,3,1,0.65,0.4,7,1.0572,0.0229,-0.0045,0.4,5,0.0
265,momentum,3,1,0.65,0.35,7,1.0572,0.0229,-0.0045,0.4,5,0.0
266,momentum,3,1,0.65,0.4,1,1.0572,0.0229,-0.0045,0.4,5,0.0
264,momentum,3,1,0.65,0.35,1,1.0572,0.0229,-0.0045,0.4,5,0.0
268,momentum,3,1,0.7,0.3,1,1.0572,0.0229,-0.0045,0.4,5,0.0
271,momentum,3,1,0.7,0.35,7,1.0572,0.0229,-0.0045,0.4,5,0.0
269,momentum,3,1,0.7,0.3,7,1.0572,0.0229,-0.0045,0.4,5,0.0
274,momentum,3,3,0.6,0.35,1,1.0572,0.0229,-0.0045,0.4,5,0.0
256,momentum,3,1,0.6,0.3,1,1.0572,0.0229,-0.0045,0.4,5,0.0
258,momentum,3,1,0.6,0.35,1,1.0572,0.0229,-0.0045,0.4,5,0.0
260,momentum,3,1,0.6,0.4,1,1.0572,0.0229,-0.0045,0.4,5,0.0
261,momentum,3,1,0.6,0.4,7,1.0572,0.0229,-0.0045,0.4,5,0.0
262,momentum,3,1,0.65,0.3,1,1.0572,0.0229,-0.0045,0.4,5,0.0
263,momentum,3,1,0.65,0.3,7,1.0572,0.0229,-0.0045,0.4,5,0.0
312,momentum,3,14,0.65,0.35,1,1.0572,0.0229,-0.0045,0.4,5,0.0
313,momentum,3,14,0.65,0.35,7,1.0572,0.0229,-0.0045,0.4,5,0.0
317,momentum,3,14,0.7,0.3,7,1.0572,0.0229,-0.0045,0.4,5,0.0
314,momentum,3,14,0.65,0.4,1,1.0572,0.0229,-0.0045,0.4,5,0.0
315,momentum,3,14,0.65,0.4,7,1.0572,0.0229,-0.0045,0.4,5,0.0
316,momentum,3,14,0.7,0.3,1,1.0572,0.0229,-0.0045,0.4,5,0.0
303,momentum,3,7,0.7,0.35,7,1.0572,0.0229,-0.0045,0.4,5,0.0
305,momentum,3,14,0.6,0.3,7,1.0572,0.0229,-0.0045,0.4,5,0.0
306,momentum,3,14,0.6,0.35,1,1.0572,0.0229,-0.0045,0.4,5,0.0
308,momentum,3,14,0.6,0.4,1,1.0572,0.0229,-0.0045,0.4,5,0.0
310,momentum,3,14,0.65,0.3,1,1.0572,0.0229,-0.0045,0.4,5,0.0
304,momentum,3,14,0.6,0.3,1,1.0572,0.0229,-0.0045,0.4,5,0.0
309,momentum,3,14,0.6,0.4,7,1.0572,0.0229,-0.0045,0.4,5,0.0
311,momentum,3,14,0.65,0.3,7,1.0572,0.0229,-0.0045,0.4,5,0.0
296,momentum,3,7,0.65,0.35,1,1.0572,0.0229,-0.0045,0.4,5,0.0
298,momentum,3,7,0.65,0.4,1,1.0572,0.0229,-0.0045,0.4,5,0.0
300,momentum,3,7,0.7,0.3,1,1.0572,0.0229,-0.0045,0.4,5,0.0
299,momentum,3,7,0.65,0.4,7,1.0572,0.0229,-0.0045,0.4,5,0.0
297,momentum,3,7,0.65,0.35,7,1.0572,0.0229,-0.0045,0.4,5,0.0
301,momentum,3,7,0.7,0.3,7,1.0572,0.0229,-0.0045,0.4,5,0.0
302,momentum,3,7,0.7,0.35,1,1.0572,0.0229,-0.0045,0.4,5,0.0
307,momentum,3,14,0.6,0.35,7,1.0572,0.0229,-0.0045,0.4,5,0.0
290,momentum,3,7,0.6,0.35,1,1.0572,0.0229,-0.0045,0.4,5,0.0
289,momentum,3,7,0.6,0.3,7,1.0572,0.0229,-0.0045,0.4,5,0.0
294,momentum,3,7,0.65,0.3,1,1.0572,0.0229,-0.0045,0.4,5,0.0
292,momentum,3,7,0.6,0.4,1,1.0572,0.0229,-0.0045,0.4,5,0.0
293,momentum,3,7,0.6,0.4,7,1.0572,0.0229,-0.0045,0.4,5,0.0
288,momentum,3,7,0.6,0.3,1,1.0572,0.0229,-0.0045,0.4,5,0.0
291,momentum,3,7,0.6,0.35,7,1.0572,0.0229,-0.0045,0.4,5,0.0
295,momentum,3,7,0.65,0.3,7,1.0572,0.0229,-0.0045,0.4,5,0.0
319,momentum,3,14,0.7,0.35,7,1.0572,0.0229,-0.0045,0.4,5,0.0
318,momentum,3,14,0.7,0.35,1,1.0572,0.0229,-0.0045,0.4,5,0.0
106,opening_fade,7,7,0.65,0.4,1,0.0709,0.0387,,0.25,12,85.8
104,opening_fade,7,7,0.65,0.35,1,0.0709,0.0387,,0.25,12,85.8
110,opening_fade,7,7,0.7,0.35,1,0.0709,0.0387,,0.25,12,85.8
108,opening_fade,7,7,0.7,0.3,1,0.0709,0.0387,,0.25,12,85.8
100,opening_fade,7,7,0.6,0.4,1,0.0709,0.0387,,0.25,12,85.8
96,opening_fade,7,7,0.6,0.3,1,0.0709,0.0387,,0.25,12,85.8
102,opening_fade,7,7,0.65,0.3,1,0.0709,0.0387,,0.25,12,85.8
40,opening_fade,3,7,0.65,0.35,1,0.0709,0.0387,,0.25,12,85.8
44,opening_fade,3,7,0.7,0.3,1,0.0709,0.0387,,0.25,12,85.8
42,opening_fade,3,7,0.65,0.4,1,0.0709,0.0387,,0.25,12,85.8
46,opening_fade,3,7,0.7,0.35,1,0.0709,0.0387,,0.25,12,85.8
32,opening_fade,3,7,0.6,0.3,1,0.0709,0.0387,,0.25,12,85.8
34,opening_fade,3,7,0.6,0.35,1,0.0709,0.0387,,0.25,12,85.8
36,opening_fade,3,7,0.6,0.4,1,0.0709,0.0387,,0.25,12,85.8
38,opening_fade,3,7,0.65,0.3,1,0.0709,0.0387,,0.25,12,85.8
98,opening_fade,7,7,0.6,0.35,1,0.0709,0.0387,,0.25,12,85.8
236,opening_fade,30,7,0.7,0.3,1,0.0709,0.0387,,0.25,12,85.8
232,opening_fade,30,7,0.65,0.35,1,0.0709,0.0387,,0.25,12,85.8
234,opening_fade,30,7,0.65,0.4,1,0.0709,0.0387,,0.25,12,85.8
238,opening_fade,30,7,0.7,0.35,1,0.0709,0.0387,,0.25,12,85.8
226,opening_fade,30,7,0.6,0.35,1,0.0709,0.0387,,0.25,12,85.8
224,opening_fade,30,7,0.6,0.3,1,0.0709,0.0387,,0.25,12,85.8
168,opening_fade,14,7,0.65,0.35,1,0.0709,0.0387,,0.25,12,85.8
172,opening_fade,14,7,0.7,0.3,1,0.0709,0.0387,,0.25,12,85.8
170,opening_fade,14,7,0.65,0.4,1,0.0709,0.0387,,0.25,12,85.8
174,opening_fade,14,7,0.7,0.35,1,0.0709,0.0387,,0.25,12,85.8
160,opening_fade,14,7,0.6,0.3,1,0.0709,0.0387,,0.25,12,85.8
164,opening_fade,14,7,0.6,0.4,1,0.0709,0.0387,,0.25,12,85.8
166,opening_fade,14,7,0.65,0.3,1,0.0709,0.0387,,0.25,12,85.8
162,opening_fade,14,7,0.6,0.35,1,0.0709,0.0387,,0.25,12,85.8
228,opening_fade,30,7,0.6,0.4,1,0.0709,0.0387,,0.25,12,85.8
230,opening_fade,30,7,0.65,0.3,1,0.0709,0.0387,,0.25,12,85.8
406,momentum,14,3,0.65,0.3,1,-0.0045,-0.0045,0.0,0.0,1,0.0
392,momentum,14,1,0.65,0.35,1,-0.0045,-0.0045,0.0,0.0,1,0.0
394,momentum,14,1,0.65,0.4,1,-0.0045,-0.0045,0.0,0.0,1,0.0
395,momentum,14,1,0.65,0.4,7,-0.0045,-0.0045,0.0,0.0,1,0.0
393,momentum,14,1,0.65,0.35,7,-0.0045,-0.0045,0.0,0.0,1,0.0
397,momentum,14,1,0.7,0.3,7,-0.0045,-0.0045,0.0,0.0,1,0.0
400,momentum,14,3,0.6,0.3,1,-0.0045,-0.0045,0.0,0.0,1,0.0
396,momentum,14,1,0.7,0.3,1,-0.0045,-0.0045,0.0,0.0,1,0.0
462,momentum,30,1,0.7,0.35,1,-0.0045,-0.0045,0.0,0.0,1,0.0
474,momentum,30,3,0.65,0.4,1,-0.0045,-0.0045,0.0,0.0,1,0.0
473,momentum,30,3,0.65,0.35,7,-0.0045,-0.0045,0.0,0.0,1,0.0
475,momentum,30,3,0.65,0.4,7,-0.0045,-0.0045,0.0,0.0,1,0.0
476,momentum,30,3,0.7,0.3,1,-0.0045,-0.0045,0.0,0.0,1,0.0
477,momentum,30,3,0.7,0.3,7,-0.0045,-0.0045,0.0,0.0,1,0.0
479,momentum,30,3,0.7,0.35,7,-0.0045,-0.0045,0.0,0.0,1,0.0
486,momentum,30,7,0.65,0.3,1,-0.0045,-0.0045,0.0,0.0,1,0.0
467,momentum,30,3,0.6,0.35,7,-0.0045,-0.0045,0.0,0.0,1,0.0
465,momentum,30,3,0.6,0.3,7,-0.0045,-0.0045,0.0,0.0,1,0.0
472,momentum,30,3,0.65,0.35,1,-0.0045,-0.0045,0.0,0.0,1,0.0
469,momentum,30,3,0.6,0.4,7,-0.0045,-0.0045,0.0,0.0,1,0.0
461,momentum,30,1,0.7,0.3,7,-0.0045,-0.0045,0.0,0.0,1,0.0
470,momentum,30,3,0.65,0.3,1,-0.0045,-0.0045,0.0,0.0,1,0.0
471,momentum,30,3,0.65,0.3,7,-0.0045,-0.0045,0.0,0.0,1,0.0
468,momentum,30,3,0.6,0.4,1,-0.0045,-0.0045,0.0,0.0,1,0.0
457,momentum,30,1,0.65,0.35,7,-0.0045,-0.0045,0.0,0.0,1,0.0
459,momentum,30,1,0.65,0.4,7,-0.0045,-0.0045,0.0,0.0,1,0.0
455,momentum,30,1,0.65,0.3,7,-0.0045,-0.0045,0.0,0.0,1,0.0
460,momentum,30,1,0.7,0.3,1,-0.0045,-0.0045,0.0,0.0,1,0.0
458,momentum,30,1,0.65,0.4,1,-0.0045,-0.0045,0.0,0.0,1,0.0
463,momentum,30,1,0.7,0.35,7,-0.0045,-0.0045,0.0,0.0,1,0.0
466,momentum,30,3,0.6,0.35,1,-0.0045,-0.0045,0.0,0.0,1,0.0
464,momentum,30,3,0.6,0.3,1,-0.0045,-0.0045,0.0,0.0,1,0.0
453,momentum,30,1,0.6,0.4,7,-0.0045,-0.0045,0.0,0.0,1,0.0
449,momentum,30,1,0.6,0.3,7,-0.0045,-0.0045,0.0,0.0,1,0.0
452,momentum,30,1,0.6,0.4,1,-0.0045,-0.0045,0.0,0.0,1,0.0
448,momentum,30,1,0.6,0.3,1,-0.0045,-0.0045,0.0,0.0,1,0.0
451,momentum,30,1,0.6,0.35,7,-0.0045,-0.0045,0.0,0.0,1,0.0
450,momentum,30,1,0.6,0.35,1,-0.0045,-0.0045,0.0,0.0,1,0.0
454,momentum,30,1,0.65,0.3,1,-0.0045,-0.0045,0.0,0.0,1,0.0
456,momentum,30,1,0.65,0.35,1,-0.0045,-0.0045,0.0,0.0,1,0.0
505,momentum,30,14,0.65,0.35,7,-0.0045,-0.0045,0.0,0.0,1,0.0
504,momentum,30,14,0.65,0.35,1,-0.0045,-0.0045,0.0,0.0,1,0.0
506,momentum,30,14,0.65,0.4,1,-0.0045,-0.0045,0.0,0.0,1,0.0
507,momentum,30,14,0.65,0.4,7,-0.0045,-0.0045,0.0,0.0,1,0.0
508,momentum,30,14,0.7,0.3,1,-0.0045,-0.0045,0.0,0.0,1,0.0
509,momentum,30,14,0.7,0.3,7,-0.0045,-0.0045,0.0,0.0,1,0.0
510,momentum,30,14,0.7,0.35,1,-0.0045,-0.0045,0.0,0.0,1,0.0
497,momentum,30,14,0.6,0.3,7,-0.0045,-0.0045,0.0,0.0,1,0.0
499,momentum,30,14,0.6,0.35,7,-0.0045,-0.0045,0.0,0.0,1,0.0
498,momentum,30,14,0.6,0.35,1,-0.0045,-0.0045,0.0,0.0,1,0.0
496,momentum,30,14,0.6,0.3,1,-0.0045,-0.0045,0.0,0.0,1,0.0
503,momentum,30,14,0.65,0.3,7,-0.0045,-0.0045,0.0,0.0,1,0.0
500,momentum,30,14,0.6,0.4,1,-0.0045,-0.0045,0.0,0.0,1,0.0
502,momentum,30,14,0.65,0.3,1,-0.0045,-0.0045,0.0,0.0,1,0.0
501,momentum,30,14,0.6,0.4,7,-0.0045,-0.0045,0.0,0.0,1,0.0
487,momentum,30,7,0.65,0.3,7,-0.0045,-0.0045,0.0,0.0,1,0.0
489,momentum,30,7,0.65,0.35,7,-0.0045,-0.0045,0.0,0.0,1,0.0
490,momentum,30,7,0.65,0.4,1,-0.0045,-0.0045,0.0,0.0,1,0.0
492,momentum,30,7,0.7,0.3,1,-0.0045,-0.0045,0.0,0.0,1,0.0
482,momentum,30,7,0.6,0.35,1,-0.0045,-0.0045,0.0,0.0,1,0.0
495,momentum,30,7,0.7,0.35,7,-0.0045,-0.0045,0.0,0.0,1,0.0
494,momentum,30,7,0.7,0.35,1,-0.0045,-0.0045,0.0,0.0,1,0.0
493,momentum,30,7,0.7,0.3,7,-0.0045,-0.0045,0.0,0.0,1,0.0
480,momentum,30,7,0.6,0.3,1,-0.0045,-0.0045,0.0,0.0,1,0.0
478,momentum,30,3,0.7,0.35,1,-0.0045,-0.0045,0.0,0.0,1,0.0
484,momentum,30,7,0.6,0.4,1,-0.0045,-0.0045,0.0,0.0,1,0.0
481,momentum,30,7,0.6,0.3,7,-0.0045,-0.0045,0.0,0.0,1,0.0
483,momentum,30,7,0.6,0.35,7,-0.0045,-0.0045,0.0,0.0,1,0.0
485,momentum,30,7,0.6,0.4,7,-0.0045,-0.0045,0.0,0.0,1,0.0
491,momentum,30,7,0.65,0.4,7,-0.0045,-0.0045,0.0,0.0,1,0.0
488,momentum,30,7,0.65,0.35,1,-0.0045,-0.0045,0.0,0.0,1,0.0
511,momentum,30,14,0.7,0.35,7,-0.0045,-0.0045,0.0,0.0,1,0.0
416,momentum,14,7,0.6,0.3,1,-0.0045,-0.0045,0.0,0.0,1,0.0
414,momentum,14,3,0.7,0.35,1,-0.0045,-0.0045,0.0,0.0,1,0.0
418,momentum,14,7,0.6,0.35,1,-0.0045,-0.0045,0.0,0.0,1,0.0
419,momentum,14,7,0.6,0.35,7,-0.0045,-0.0045,0.0,0.0,1,0.0
420,momentum,14,7,0.6,0.4,1,-0.0045,-0.0045,0.0,0.0,1,0.0
421,momentum,14,7,0.6,0.4,7,-0.0045,-0.0045,0.0,0.0,1,0.0
422,momentum,14,7,0.65,0.3,1,-0.0045,-0.0045,0.0,0.0,1,0.0
423,momentum,14,7,0.65,0.3,7,-0.0045,-0.0045,0.0,0.0,1,0.0
428,momentum,14,7,0.7,0.3,1,-0.0045,-0.0045,0.0,0.0,1,0.0
424,momentum,14,7,0.65,0.35,1,-0.0045,-0.0045,0.0,0.0,1,0.0
427,momentum,14,7,0.65,0.4,7,-0.0045,-0.0045,0.0,0.0,1,0.0
425,momentum,14,7,0.65,0.35,7,-0.0045,-0.0045,0.0,0.0,1,0.0
426,momentum,14,7,0.65,0.4,1,-0.0045,-0.0045,0.0,0.0,1,0.0
430,momentum,14,7,0.7,0.35,1,-0.0045,-0.0045,0.0,0.0,1,0.0
432,momentum,14,14,0.6,0.3,1,-0.0045,-0.0045,0.0,0.0,1,0.0
431,momentum,14,7,0.7,0.35,7,-0.0045,-0.0045,0.0,0.0,1,0.0
429,momentum,14,7,0.7,0.3,7,-0.0045,-0.0045,0.0,0.0,1,0.0
434,momentum,14,14,0.6,0.35,1,-0.0045,-0.0045,0.0,0.0,1,0.0
433,momentum,14,14,0.6,0.3,7,-0.0045,-0.0045,0.0,0.0,1,0.0
436,momentum,14,14,0.6,0.4,1,-0.0045,-0.0045,0.0,0.0,1,0.0
435,momentum,14,14,0.6,0.35,7,-0.0045,-0.0045,0.0,0.0,1,0.0
437,momentum,14,14,0.6,0.4,7,-0.0045,-0.0045,0.0,0.0,1,0.0
439,momentum,14,14,0.65,0.3,7,-0.0045,-0.0045,0.0,0.0,1,0.0
442,momentum,14,14,0.65,0.4,1,-0.0045,-0.0045,0.0,0.0,1,0.0
445,momentum,14,14,0.7,0.3,7,-0.0045,-0.0045,0.0,0.0,1,0.0
443,momentum,14,14,0.65,0.4,7,-0.0045,-0.0045,0.0,0.0,1,0.0
438,momentum,14,14,0.65,0.3,1,-0.0045,-0.0045,0.0,0.0,1,0.0
441,momentum,14,14,0.65,0.35,7,-0.0045,-0.0045,0.0,0.0,1,0.0
444,momentum,14,14,0.7,0.3,1,-0.0045,-0.0045,0.0,0.0,1,0.0
446,momentum,14,14,0.7,0.35,1,-0.0045,-0.0045,0.0,0.0,1,0.0
440,momentum,14,14,0.65,0.35,1,-0.0045,-0.0045,0.0,0.0,1,0.0
447,momentum,14,14,0.7,0.35,7,-0.0045,-0.0045,0.0,0.0,1,0.0
401,momentum,14,3,0.6,0.3,7,-0.0045,-0.0045,0.0,0.0,1,0.0
386,momentum,14,1,0.6,0.35,1,-0.0045,-0.0045,0.0,0.0,1,0.0
385,momentum,14,1,0.6,0.3,7,-0.0045,-0.0045,0.0,0.0,1,0.0
387,momentum,14,1,0.6,0.35,7,-0.0045,-0.0045,0.0,0.0,1,0.0
389,momentum,14,1,0.6,0.4,7,-0.0045,-0.0045,0.0,0.0,1,0.0
388,momentum,14,1,0.6,0.4,1,-0.0045,-0.0045,0.0,0.0,1,0.0
390,momentum,14,1,0.65,0.3,1,-0.0045,-0.0045,0.0,0.0,1,0.0
391,momentum,14,1,0.65,0.3,7,-0.0045,-0.0045,0.0,0.0,1,0.0
417,momentum,14,7,0.6,0.3,7,-0.0045,-0.0045,0.0,0.0,1,0.0
398,momentum,14,1,0.7,0.35,1,-0.0045,-0.0045,0.0,0.0,1,0.0
402,momentum,14,3,0.6,0.35,1,-0.0045,-0.0045,0.0,0.0,1,0.0
399,momentum,14,1,0.7,0.35,7,-0.0045,-0.0045,0.0,0.0,1,0.0
403,momentum,14,3,0.6,0.35,7,-0.0045,-0.0045,0.0,0.0,1,0.0
407,momentum,14,3,0.65,0.3,7,-0.0045,-0.0045,0.0,0.0,1,0.0
405,momentum,14,3,0.6,0.4,7,-0.0045,-0.0045,0.0,0.0,1,0.0
404,momentum,14,3,0.6,0.4,1,-0.0045,-0.0045,0.0,0.0,1,0.0
384,momentum,14,1,0.6,0.3,1,-0.0045,-0.0045,0.0,0.0,1,0.0
408,momentum,14,3,0.65,0.35,1,-0.0045,-0.0045,0.0,0.0,1,0.0
410,momentum,14,3,0.65,0.4,1,-0.0045,-0.0045,0.0,0.0,1,0.0
409,momentum,14,3,0.65,0.35,7,-0.0045,-0.0045,0.0,0.0,1,0.0
411,momentum,14,3,0.65,0.4,7,-0.0045,-0.0045,0.0,0.0,1,0.0
412,momentum,14,3,0.7,0.3,1,-0.0045,-0.0045,0.0,0.0,1,0.0
415,momentum,14,3,0.7,0.35,7,-0.0045,-0.0045,0.0,0.0,1,0.0
413,momentum,14,3,0.7,0.3,7,-0.0045,-0.0045,0.0,0.0,1,0.0
521,time_decay,3,1,0.65,0.35,7,-0.7353,-0.063,-1.0,0.6364,22,2.6
513,time_decay,3,1,0.6,0.3,7,-0.7353,-0.063,-1.0,0.6364,22,2.6
520,time_decay,3,1,0.65,0.35,1,-0.7353,-0.063,-1.0,0.6364,22,2.6
527,time_decay,3,1,0.7,0.35,7,-0.7353,-0.063,-1.0,0.6364,22,2.6
534,time_decay,3,3,0.65,0.3,1,-0.7353,-0.063,-1.0,0.6364,22,2.6
531,time_decay,3,3,0.6,0.35,7,-0.7353,-0.063,-1.0,0.6364,22,2.6
532,time_decay,3,3,0.6,0.4,1,-0.7353,-0.063,-1.0,0.6364,22,2.6
536,time_decay,3,3,0.65,0.35,1,-0.7353,-0.063,-1.0,0.6364,22,2.6
535,time_decay,3,3,0.65,0.3,7,-0.7353,-0.063,-1.0,0.6364,22,2.6
522,time_decay,3,1,0.65,0.4,1,-0.7353,-0.063,-1.0,0.6364,22,2.6
518,time_decay,3,1,0.65,0.3,1,-0.7353,-0.063,-1.0,0.6364,22,2.6
539,time_decay,3,3,0.65,0.4,7,-0.7353,-0.063,-1.0,0.6364,22,2.6
542,time_decay,3,3,0.7,0.35,1,-0.7353,-0.063,-1.0,0.6364,22,2.6
545,time_decay,3,7,0.6,0.3,7,-0.7353,-0.063,-1.0,0.6364,22,2.6
544,time_decay,3,7,0.6,0.3,1,-0.7353,-0.063,-1.0,0.6364,22,2.6
540,time_decay,3,3,0.7,0.3,1,-0.7353,-0.063,-1.0,0.6364,22,2.6
514,time_decay,3,1,0.6,0.35,1,-0.7353,-0.063,-1.0,0.6364,22,2.6
533,time_decay,3,3,0.6,0.4,7,-0.7353,-0.063,-1.0,0.6364,22,2.6
530,time_decay,3,3,0.6,0.35,1,-0.7353,-0.063,-1.0,0.6364,22,2.6
546,time_decay,3,7,0.6,0.35,1,-0.7353,-0.063,-1.0,0.6364,22,2.6
550,time_decay,3,7,0.65,0.3,1,-0.7353,-0.063,-1.0,0.6364,22,2.6
548,time_decay,3,7,0.6,0.4,1,-0.7353,-0.063,-1.0,0.6364,22,2.6
547,time_decay,3,7,0.6,0.35,7,-0.7353,-0.063,-1.0,0.6364,22,2.6
553,time_decay,3,7,0.65,0.35,7,-0.7353,-0.063,-1.0,0.6364,22,2.6
551,time_decay,3,7,0.65,0.3,7,-0.7353,-0.063,-1.0,0.6364,22,2.6
537,time_decay,3,3,0.65,0.35,7,-0.7353,-0.063,-1.0,0.6364,22,2.6
538,time_decay,3,3,0.65,0.4,1,-0.7353,-0.063,-1.0,0.6364,22,2.6
555,time_decay,3,7,0.65,0.4,7,-0.7353,-0.063,-1.0,0.6364,22,2.6
552,time_decay,3,7,0.65,0.35,1,-0.7353,-0.063,-1.0,0.6364,22,2.6
557,time_decay,3,7,0.7,0.3,7,-0.7353,-0.063,-1.0,0.6364,22,2.6
560,time_decay,3,14,0.6,0.3,1,-0.7353,-0.063,-1.0,0.6364,22,2.6
562,time_decay,3,14,0.6,0.35,1,-0.7353,-0.063,-1.0,0.6364,22,2.6
558,time_decay,3,7,0.7,0.35,1,-0.7353,-0.063,-1.0,0.6364,22,2.6
541,time_decay,3,3,0.7,0.3,7,-0.7353,-0.063,-1.0,0.6364,22,2.6
543,time_decay,3,3,0.7,0.35,7,-0.7353,-0.063,-1.0,0.6364,22,2.6
564,time_decay,3,14,0.6,0.4,1,-0.7353,-0.063,-1.0,0.6364,22,2.6
565,time_decay,3,14,0.6,0.4,7,-0.7353,-0.063,-1.0,0.6364,22,2.6
561,time_decay,3,14,0.6,0.3,7,-0.7353,-0.063,-1.0,0.6364,22,2.6
563,time_decay,3,14,0.6,0.35,7,-0.7353,-0.063,-1.0,0.6364,22,2.6
568,time_decay,3,14,0.65,0.35,1,-0.7353,-0.063,-1.0,0.6364,22,2.6
566,time_decay,3,14,0.65,0.3,1,-0.7353,-0.063,-1.0,0.6364,22,2.6
549,time_decay,3,7,0.6,0.4,7,-0.7353,-0.063,-1.0,0.6364,22,2.6
554,time_decay,3,7,0.65,0.4,1,-0.7353,-0.063,-1.0,0.6364,22,2.6
570,time_decay,3,14,0.65,0.4,1,-0.7353,-0.063,-1.0,0.6364,22,2.6
571,time_decay,3,14,0.65,0.4,7,-0.7353,-0.063,-1.0,0.6364,22,2.6
573,time_decay,3,14,0.7,0.3,7,-0.7353,-0.063,-1.0,0.6364,22,2.6
575,time_decay,3,14,0.7,0.35,7,-0.7353,-0.063,-1.0,0.6364,22,2.6
556,time_decay,3,7,0.7,0.3,1,-0.7353,-0.063,-1.0,0.6364,22,2.6
559,time_decay,3,7,0.7,0.35,7,-0.7353,-0.063,-1.0,0.6364,22,2.6
572,time_decay,3,14,0.7,0.3,1,-0.7353,-0.063,-1.0,0.6364,22,2.6
567,time_decay,3,14,0.65,0.3,7,-0.7353,-0.063,-1.0,0.6364,22,2.6
569,time_decay,3,14,0.65,0.35,7,-0.7353,-0.063,-1.0,0.6364,22,2.6
519,time_decay,3,1,0.65,0.3,7,-0.7353,-0.063,-1.0,0.6364,22,2.6
517,time_decay,3,1,0.6,0.4,7,-0.7353,-0.063,-1.0,0.6364,22,2.6
516,time_decay,3,1,0.6,0.4,1,-0.7353,-0.063,-1.0,0.6364,22,2.6
574,time_decay,3,14,0.7,0.35,1,-0.7353,-0.063,-1.0,0.6364,22,2.6
523,time_decay,3,1,0.65,0.4,7,-0.7353,-0.063,-1.0,0.6364,22,2.6
524,time_decay,3,1,0.7,0.3,1,-0.7353,-0.063,-1.0,0.6364,22,2.6
528,time_decay,3,3,0.6,0.3,1,-0.7353,-0.063,-1.0,0.6364,22,2.6
526,time_decay,3,1,0.7,0.35,1,-0.7353,-0.063,-1.0,0.6364,22,2.6
529,time_decay,3,3,0.6,0.3,7,-0.7353,-0.063,-1.0,0.6364,22,2.6
525,time_decay,3,1,0.7,0.3,7,-0.7353,-0.063,-1.0,0.6364,22,2.6
512,time_decay,3,1,0.6,0.3,1,-0.7353,-0.063,-1.0,0.6364,22,2.6
515,time_decay,3,1,0.6,0.35,7,-0.7353,-0.063,-1.0,0.6364,22,2.6
639,time_decay,7,14,0.7,0.35,7,-0.9672,-0.088,-1.0,0.7,20,6.3
636,time_decay,7,14,0.7,0.3,1,-0.9672,-0.088,-1.0,0.7,20,6.3
626,time_decay,7,14,0.6,0.35,1,-0.9672,-0.088,-1.0,0.7,20,6.3
622,time_decay,7,7,0.7,0.35,1,-0.9672,-0.088,-1.0,0.7,20,6.3
578,time_decay,7,1,0.6,0.35,1,-0.9672,-0.088,-1.0,0.7,20,6.3
582,time_decay,7,1,0.65,0.3,1,-0.9672,-0.088,-1.0,0.7,20,6.3
581,time_decay,7,1,0.6,0.4,7,-0.9672,-0.088,-1.0,0.7,20,6.3
580,time_decay,7,1,0.6,0.4,1,-0.9672,-0.088,-1.0,0.7,20,6.3
584,time_decay,7,1,0.65,0.35,1,-0.9672,-0.088,-1.0,0.7,20,6.3
579,time_decay,7,1,0.6,0.35,7,-0.9672,-0.088,-1.0,0.7,20,6.3
576,time_decay,7,1,0.6,0.3,1,-0.9672,-0.088,-1.0,0.7,20,6.3
587,time_decay,7,1,0.65,0.4,7,-0.9672,-0.088,-1.0,0.7,20,6.3
590,time_decay,7,1,0.7,0.35,1,-0.9672,-0.088,-1.0,0.7,20,6.3
592,time_decay,7,3,0.6,0.3,1,-0.9672,-0.088,-1.0,0.7,20,6.3
593,time_decay,7,3,0.6,0.3,7,-0.9672,-0.088,-1.0,0.7,20,6.3
591,time_decay,7,1,0.7,0.35,7,-0.9672,-0.088,-1.0,0.7,20,6.3
599,time_decay,7,3,0.65,0.3,7,-0.9672,-0.088,-1.0,0.7,20,6.3
577,time_decay,7,1,0.6,0.3,7,-0.9672,-0.088,-1.0,0.7,20,6.3
583,time_decay,7,1,0.65,0.3,7,-0.9672,-0.088,-1.0,0.7,20,6.3
588,time_decay,7,1,0.7,0.3,1,-0.9672,-0.088,-1.0,0.7,20,6.3
601,time_decay,7,3,0.65,0.35,7,-0.9672,-0.088,-1.0,0.7,20,6.3
597,time_decay,7,3,0.6,0.4,7,-0.9672,-0.088,-1.0,0.7,20,6.3
594,time_decay,7,3,0.6,0.35,1,-0.9672,-0.088,-1.0,0.7,20,6.3
598,time_decay,7,3,0.65,0.3,1,-0.9672,-0.088,-1.0,0.7,20,6.3
595,time_decay,7,3,0.6,0.35,7,-0.9672,-0.088,-1.0,0.7,20,6.3
586,time_decay,7,1,0.65,0.4,1,-0.9672,-0.088,-1.0,0.7,20,6.3
585,time_decay,7,1,0.65,0.35,7,-0.9672,-0.088,-1.0,0.7,20,6.3
602,time_decay,7,3,0.65,0.4,1,-0.9672,-0.088,-1.0,0.7,20,6.3
612,time_decay,7,7,0.6,0.4,1,-0.9672,-0.088,-1.0,0.7,20,6.3
605,time_decay,7,3,0.7,0.3,7,-0.9672,-0.088,-1.0,0.7,20,6.3
611,time_decay,7,7,0.6,0.35,7,-0.9672,-0.088,-1.0,0.7,20,6.3
609,time_decay,7,7,0.6,0.3,7,-0.9672,-0.088,-1.0,0.7,20,6.3
637,time_decay,7,14,0.7,0.3,7,-0.9672,-0.088,-1.0,0.7,20,6.3
596,time_decay,7,3,0.6,0.4,1,-0.9672,-0.088,-1.0,0.7,20,6.3
589,time_decay,7,1,0.7,0.3,7,-0.9672,-0.088,-1.0,0.7,20,6.3
606,time_decay,7,3,0.7,0.35,1,-0.9672,-0.088,-1.0,0.7,20,6.3
607,time_decay,7,3,0.7,0.35,7,-0.9672,-0.088,-1.0,0.7,20,6.3
615,time_decay,7,7,0.65,0.3,7,-0.9672,-0.088,-1.0,0.7,20,6.3
608,time_decay,7,7,0.6,0.3,1,-0.9672,-0.088,-1.0,0.7,20,6.3
617,time_decay,7,7,0.65,0.35,7,-0.9672,-0.088,-1.0,0.7,20,6.3
618,time_decay,7,7,0.65,0.4,1,-0.9672,-0.088,-1.0,0.7,20,6.3
600,time_decay,7,3,0.65,0.35,1,-0.9672,-0.088,-1.0,0.7,20,6.3
603,time_decay,7,3,0.65,0.4,7,-0.9672,-0.088,-1.0,0.7,20,6.3
614,time_decay,7,7,0.65,0.3,1,-0.9672,-0.088,-1.0,0.7,20,6.3
619,time_decay,7,7,0.65,0.4,7,-0.9672,-0.088,-1.0,0.7,20,6.3
627,time_decay,7,14,0.6,0.35,7,-0.9672,-0.088,-1.0,0.7,20,6.3
624,time_decay,7,14,0.6,0.3,1,-0.9672,-0.088,-1.0,0.7,20,6.3
621,time_decay,7,7,0.7,0.3,7,-0.9672,-0.088,-1.0,0.7,20,6.3
620,time_decay,7,7,0.7,0.3,1,-0.9672,-0.088,-1.0,0.7,20,6.3
610,time_decay,7,7,0.6,0.35,1,-0.9672,-0.088,-1.0,0.7,20,6.3
613,time_decay,7,7,0.6,0.4,7,-0.9672,-0.088,-1.0,0.7,20,6.3
623,time_decay,7,7,0.7,0.35,7,-0.9672,-0.088,-1.0,0.7,20,6.3
629,time_decay,7,14,0.6,0.4,7,-0.9672,-0.088,-1.0,0.7,20,6.3
625,time_decay,7,14,0.6,0.3,7,-0.9672,-0.088,-1.0,0.7,20,6.3
630,time_decay,7,14,0.65,0.3,1,-0.9672,-0.088,-1.0,0.7,20,6.3
628,time_decay,7,14,0.6,0.4,1,-0.9672,-0.088,-1.0,0.7,20,6.3
631,time_decay,7,14,0.65,0.3,7,-0.9672,-0.088,-1.0,0.7,20,6.3
604,time_decay,7,3,0.7,0.3,1,-0.9672,-0.088,-1.0,0.7,20,6.3
616,time_decay,7,7,0.65,0.35,1,-0.9672,-0.088,-1.0,0.7,20,6.3
633,time_decay,7,14,0.65,0.35,7,-0.9672,-0.088,-1.0,0.7,20,6.3
632,time_decay,7,14,0.65,0.35,1,-0.9672,-0.088,-1.0,0.7,20,6.3
635,time_decay,7,14,0.65,0.4,7,-0.9672,-0.088,-1.0,0.7,20,6.3
638,time_decay,7,14,0.7,0.35,1,-0.9672,-0.088,-1.0,0.7,20,6.3
634,time_decay,7,14,0.65,0.4,1,-0.9672,-0.088,-1.0,0.7,20,6.3
69,opening_fade,7,1,0.6,0.4,7,-1.4048,-0.4837,,0.2,10,98.6
133,opening_fade,14,1,0.6,0.4,7,-1.4048,-0.4837,,0.2,10,98.6
197,opening_fade,30,1,0.6,0.4,7,-1.4048,-0.4837,,0.2,10,98.6
5,opening_fade,3,1,0.6,0.4,7,-1.4048,-0.4837,,0.2,10,98.6
145,opening_fade,14,3,0.6,0.3,7,-1.565,-0.6101,,0.1111,9,106.2
151,opening_fade,14,3,0.65,0.3,7,-1.565,-0.6101,,0.1111,9,106.2
221,opening_fade,30,3,0.7,0.3,7,-1.565,-0.6101,,0.1111,9,106.2
157,opening_fade,14,3,0.7,0.3,7,-1.565,-0.6101,,0.1111,9,106.2
23,opening_fade,3,3,0.65,0.3,7,-1.565,-0.6101,,0.1111,9,106.2
17,opening_fade,3,3,0.6,0.3,7,-1.565,-0.6101,,0.1111,9,106.2
87,opening_fade,7,3,0.65,0.3,7,-1.565,-0.6101,,0.1111,9,106.2
209,opening_fade,30,3,0.6,0.3,7,-1.565,-0.6101,,0.1111,9,106.2
215,opening_fade,30,3,0.65,0.3,7,-1.565,-0.6101,,0.1111,9,106.2
81,opening_fade,7,3,0.6,0.3,7,-1.565,-0.6101,,0.1111,9,106.2
29,opening_fade,3,3,0.7,0.3,7,-1.565,-0.6101,,0.1111,9,106.2
93,opening_fade,7,3,0.7,0.3,7,-1.565,-0.6101,,0.1111,9,106.2
335,momentum,7,1,0.7,0.35,7,-1.6514,-0.4027,-1.0,0.0,5,0.0
343,momentum,7,3,0.65,0.3,7,-1.6514,-0.4027,-1.0,0.0,5,0.0
340,momentum,7,3,0.6,0.4,1,-1.6514,-0.4027,-1.0,0.0,5,0.0
336,momentum,7,3,0.6,0.3,1,-1.6514,-0.4027,-1.0,0.0,5,0.0
341,momentum,7,3,0.6,0.4,7,-1.6514,-0.4027,-1.0,0.0,5,0.0
334,momentum,7,1,0.7,0.35,1,-1.6514,-0.4027,-1.0,0.0,5,0.0
345,momentum,7,3,0.65,0.35,7,-1.6514,-0.4027,-1.0,0.0,5,0.0
324,momentum,7,1,0.6,0.4,1,-1.6514,-0.4027,-1.0,0.0,5,0.0
344,momentum,7,3,0.65,0.35,1,-1.6514,-0.4027,-1.0,0.0,5,0.0
348,momentum,7,3,0.7,0.3,1,-1.6514,-0.4027,-1.0,0.0,5,0.0
352,momentum,7,7,0.6,0.3,1,-1.6514,-0.4027,-1.0,0.0,5,0.0
350,momentum,7,3,0.7,0.35,1,-1.6514,-0.4027,-1.0,0.0,5,0.0
346,momentum,7,3,0.65,0.4,1,-1.6514,-0.4027,-1.0,0.0,5,0.0
327,momentum,7,1,0.65,0.3,7,-1.6514,-0.4027,-1.0,0.0,5,0.0
349,momentum,7,3,0.7,0.3,7,-1.6514,-0.4027,-1.0,0.0,5,0.0
329,momentum,7,1,0.65,0.35,7,-1.6514,-0.4027,-1.0,0.0,5,0.0
332,momentum,7,1,0.7,0.3,1,-1.6514,-0.4027,-1.0,0.0,5,0.0
337,momentum,7,3,0.6,0.3,7,-1.6514,-0.4027,-1.0,0.0,5,0.0
338,momentum,7,3,0.6,0.35,1,-1.6514,-0.4027,-1.0,0.0,5,0.0
339,momentum,7,3,0.6,0.35,7,-1.6514,-0.4027,-1.0,0.0,5,0.0
331,momentum,7,1,0.65,0.4,7,-1.6514,-0.4027,-1.0,0.0,5,0.0
330,momentum,7,1,0.65,0.4,1,-1.6514,-0.4027,-1.0,0.0,5,0.0
342,momentum,7,3,0.65,0.3,1,-1.6514,-0.4027,-1.0,0.0,5,0.0
326,momentum,7,1,0.65,0.3,1,-1.6514,-0.4027,-1.0,0.0,5,0.0
322,momentum,7,1,0.6,0.35,1,-1.6514,-0.4027,-1.0,0.0,5,0.0
325,momentum,7,1,0.6,0.4,7,-1.6514,-0.4027,-1.0,0.0,5,0.0
321,momentum,7,1,0.6,0.3,7,-1.6514,-0.4027,-1.0,0.0,5,0.0
347,momentum,7,3,0.65,0.4,7,-1.6514,-0.4027,-1.0,0.0,5,0.0
363,momentum,7,7,0.65,0.4,7,-1.6514,-0.4027,-1.0,0.0,5,0.0
374,momentum,7,14,0.65,0.3,1,-1.6514,-0.4027,-1.0,0.0,5,0.0
372,momentum,7,14,0.6,0.4,1,-1.6514,-0.4027,-1.0,0.0,5,0.0
369,momentum,7,14,0.6,0.3,7,-1.6514,-0.4027,-1.0,0.0,5,0.0
370,momentum,7,14,0.6,0.35,1,-1.6514,-0.4027,-1.0,0.0,5,0.0
364,momentum,7,7,0.7,0.3,1,-1.6514,-0.4027,-1.0,0.0,5,0.0
378,momentum,7,14,0.65,0.4,1,-1.6514,-0.4027,-1.0,0.0,5,0.0
377,momentum,7,14,0.65,0.35,7,-1.6514,-0.4027,-1.0,0.0,5,0.0
357,momentum,7,7,0.6,0.4,7,-1.6514,-0.4027,-1.0,0.0,5,0.0
383,momentum,7,14,0.7,0.35,7,-1.6514,-0.4027,-1.0,0.0,5,0.0
381,momentum,7,14,0.7,0.3,7,-1.6514,-0.4027,-1.0,0.0,5,0.0
379,momentum,7,14,0.65,0.4,7,-1.6514,-0.4027,-1.0,0.0,5,0.0
376,momentum,7,14,0.65,0.35,1,-1.6514,-0.4027,-1.0,0.0,5,0.0
375,momentum,7,14,0.65,0.3,7,-1.6514,-0.4027,-1.0,0.0,5,0.0
328,momentum,7,1,0.65,0.35,1,-1.6514,-0.4027,-1.0,0.0,5,0.0
333,momentum,7,1,0.7,0.3,7,-1.6514,-0.4027,-1.0,0.0,5,0.0
320,momentum,7,1,0.6,0.3,1,-1.6514,-0.4027,-1.0,0.0,5,0.0
380,momentum,7,14,0.7,0.3,1,-1.6514,-0.4027,-1.0,0.0,5,0.0
358,momentum,7,7,0.65,0.3,1,-1.6514,-0.4027,-1.0,0.0,5,0.0
355,momentum,7,7,0.6,0.35,7,-1.6514,-0.4027,-1.0,0.0,5,0.0
354,momentum,7,7,0.6,0.35,1,-1.6514,-0.4027,-1.0,0.0,5,0.0
323,momentum,7,1,0.6,0.35,7,-1.6514,-0.4027,-1.0,0.0,5,0.0
356,momentum,7,7,0.6,0.4,1,-1.6514,-0.4027,-1.0,0.0,5,0.0
353,momentum,7,7,0.6,0.3,7,-1.6514,-0.4027,-1.0,0.0,5,0.0
351,momentum,7,3,0.7,0.35,7,-1.6514,-0.4027,-1.0,0.0,5,0.0
382,momentum,7,14,0.7,0.35,1,-1.6514,-0.4027,-1.0,0.0,5,0.0
371,momentum,7,14,0.6,0.35,7,-1.6514,-0.4027,-1.0,0.0,5,0.0
368,momentum,7,14,0.6,0.3,1,-1.6514,-0.4027,-1.0,0.0,5,0.0
365,momentum,7,7,0.7,0.3,7,-1.6514,-0.4027,-1.0,0.0,5,0.0
366,momentum,7,7,0.7,0.35,1,-1.6514,-0.4027,-1.0,0.0,5,0.0
362,momentum,7,7,0.65,0.4,1,-1.6514,-0.4027,-1.0,0.0,5,0.0
360,momentum,7,7,0.65,0.35,1,-1.6514,-0.4027,-1.0,0.0,5,0.0
361,momentum,7,7,0.65,0.35,7,-1.6514,-0.4027,-1.0,0.0,5,0.0
359,momentum,7,7,0.65,0.3,7,-1.6514,-0.4027,-1.0,0.0,5,0.0
373,momentum,7,14,0.6,0.4,7,-1.6514,-0.4027,-1.0,0.0,5,0.0
367,momentum,7,7,0.7,0.35,7,-1.6514,-0.4027,-1.0,0.0,5,0.0
153,opening_fade,14,3,0.65,0.35,7,-1.85,-0.6491,,0.1,10,105.7
27,opening_fade,3,3,0.65,0.4,7,-1.85,-0.6491,,0.1,10,105.7
159,opening_fade,14,3,0.7,0.35,7,-1.85,-0.6491,,0.1,10,105.7
95,opening_fade,7,3,0.7,0.35,7,-1.85,-0.6491,,0.1,10,105.7
211,opening_fade,30,3,0.6,0.35,7,-1.85,-0.6491,,0.1,10,105.7
213,opening_fade,30,3,0.6,0.4,7,-1.85,-0.6491,,0.1,10,105.7
155,opening_fade,14,3,0.65,0.4,7,-1.85,-0.6491,,0.1,10,105.7
219,opening_fade,30,3,0.65,0.4,7,-1.85,-0.6491,,0.1,10,105.7
149,opening_fade,14,3,0.6,0.4,7,-1.85,-0.6491,,0.1,10,105.7
217,opening_fade,30,3,0.65,0.35,7,-1.85,-0.6491,,0.1,10,105.7
89,opening_fade,7,3,0.65,0.35,7,-1.85,-0.6491,,0.1,10,105.7
147,opening_fade,14,3,0.6,0.35,7,-1.85,-0.6491,,0.1,10,105.7
91,opening_fade,7,3,0.65,0.4,7,-1.85,-0.6491,,0.1,10,105.7
85,opening_fade,7,3,0.6,0.4,7,-1.85,-0.6491,,0.1,10,105.7
31,opening_fade,3,3,0.7,0.35,7,-1.85,-0.6491,,0.1,10,105.7
25,opening_fade,3,3,0.65,0.35,7,-1.85,-0.6491,,0.1,10,105.7
19,opening_fade,3,3,0.6,0.35,7,-1.85,-0.6491,,0.1,10,105.7
21,opening_fade,3,3,0.6,0.4,7,-1.85,-0.6491,,0.1,10,105.7
223,opening_fade,30,3,0.7,0.35,7,-1.85,-0.6491,,0.1,10,105.7
83,opening_fade,7,3,0.6,0.35,7,-1.85,-0.6491,,0.1,10,105.7
195,opening_fade,30,1,0.6,0.35,7,-2.42,-0.7076,,0.1111,9,108.3
193,opening_fade,30,1,0.6,0.3,7,-2.42,-0.7076,,0.1111,9,108.3
129,opening_fade,14,1,0.6,0.3,7,-2.42,-0.7076,,0.1111,9,108.3
3,opening_fade,3,1,0.6,0.35,7,-2.42,-0.7076,,0.1111,9,108.3
1,opening_fade,3,1,0.6,0.3,7,-2.42,-0.7076,,0.1111,9,108.3
65,opening_fade,7,1,0.6,0.3,7,-2.42,-0.7076,,0.1111,9,108.3
67,opening_fade,7,1,0.6,0.35,7,-2.42,-0.7076,,0.1111,9,108.3
131,opening_fade,14,1,0.6,0.35,7,-2.42,-0.7076,,0.1111,9,108.3
75,opening_fade,7,1,0.65,0.4,7,-2.5551,-0.7187,,0.1111,9,108.3
139,opening_fade,14,1,0.65,0.4,7,-2.5551,-0.7187,,0.1111,9,108.3
11,opening_fade,3,1,0.65,0.4,7,-2.5551,-0.7187,,0.1111,9,108.3
203,opening_fade,30,1,0.65,0.4,7,-2.5551,-0.7187,,0.1111,9,108.3
4,opening_fade,3,1,0.6,0.4,1,-3.899,-0.7283,,0.1053,19,54.1
196,opening_fade,30,1,0.6,0.4,1,-3.899,-0.7283,,0.1053,19,54.1
68,opening_fade,7,1,0.6,0.4,1,-3.899,-0.7283,,0.1053,19,54.1
132,opening_fade,14,1,0.6,0.4,1,-3.899,-0.7283,,0.1053,19,54.1
156,opening_fade,14,3,0.7,0.3,1,-4.0654,-0.7912,,0.0556,18,54.6
22,opening_fade,3,3,0.65,0.3,1,-4.0654,-0.7912,,0.0556,18,54.6
208,opening_fade,30,3,0.6,0.3,1,-4.0654,-0.7912,,0.0556,18,54.6
214,opening_fade,30,3,0.65,0.3,1,-4.0654,-0.7912,,0.0556,18,54.6
220,opening_fade,30,3,0.7,0.3,1,-4.0654,-0.7912,,0.0556,18,54.6
150,opening_fade,14,3,0.65,0.3,1,-4.0654,-0.7912,,0.0556,18,54.6
28,opening_fade,3,3,0.7,0.3,1,-4.0654,-0.7912,,0.0556,18,54.6
92,opening_fade,7,3,0.7,0.3,1,-4.0654,-0.7912,,0.0556,18,54.6
86,opening_fade,7,3,0.65,0.3,1,-4.0654,-0.7912,,0.0556,18,54.6
80,opening_fade,7,3,0.6,0.3,1,-4.0654,-0.7912,,0.0556,18,54.6
144,opening_fade,14,3,0.6,0.3,1,-4.0654,-0.7912,,0.0556,18,54.6
16,opening_fade,3,3,0.6,0.3,1,-4.0654,-0.7912,,0.0556,18,54.6
20,opening_fade,3,3,0.6,0.4,1,-4.3499,-0.8022,,0.0526,19,57.0
84,opening_fade,7,3,0.6,0.4,1,-4.3499,-0.8022,,0.0526,19,57.0
82,opening_fade,7,3,0.6,0.35,1,-4.3499,-0.8022,,0.0526,19,57.0
152,opening_fade,14,3,0.65,0.35,1,-4.3499,-0.8022,,0.0526,19,57.0
154,opening_fade,14,3,0.65,0.4,1,-4.3499,-0.8022,,0.0526,19,57.0
210,opening_fade,30,3,0.6,0.35,1,-4.3499,-0.8022,,0.0526,19,57.0
212,opening_fade,30,3,0.6,0.4,1,-4.3499,-0.8022,,0.0526,19,57.0
216,opening_fade,30,3,0.65,0.35,1,-4.3499,-0.8022,,0.0526,19,57.0
218,opening_fade,30,3,0.65,0.4,1,-4.3499,-0.8022,,0.0526,19,57.0
90,opening_fade,7,3,0.65,0.4,1,-4.3499,-0.8022,,0.0526,19,57.0
94,opening_fade,7,3,0.7,0.35,1,-4.3499,-0.8022,,0.0526,19,57.0
26,opening_fade,3,3,0.65,0.4,1,-4.3499,-0.8022,,0.0526,19,57.0
146,opening_fade,14,3,0.6,0.35,1,-4.3499,-0.8022,,0.0526,19,57.0
148,opening_fade,14,3,0.6,0.4,1,-4.3499,-0.8022,,0.0526,19,57.0
88,opening_fade,7,3,0.65,0.35,1,-4.3499,-0.8022,,0.0526,19,57.0
24,opening_fade,3,3,0.65,0.35,1,-4.3499,-0.8022,,0.0526,19,57.0
30,opening_fade,3,3,0.7,0.35,1,-4.3499,-0.8022,,0.0526,19,57.0
158,opening_fade,14,3,0.7,0.35,1,-4.3499,-0.8022,,0.0526,19,57.0
222,opening_fade,30,3,0.7,0.35,1,-4.3499,-0.8022,,0.0526,19,57.0
18,opening_fade,3,3,0.6,0.35,1,-4.3499,-0.8022,,0.0526,19,57.0
130,opening_fade,14,1,0.6,0.35,1,-5.4599,-0.8452,,0.0588,17,59.6
128,opening_fade,14,1,0.6,0.3,1,-5.4599,-0.8452,,0.0588,17,59.6
0,opening_fade,3,1,0.6,0.3,1,-5.4599,-0.8452,,0.0588,17,59.6
194,opening_fade,30,1,0.6,0.35,1,-5.4599,-0.8452,,0.0588,17,59.6
64,opening_fade,7,1,0.6,0.3,1,-5.4599,-0.8452,,0.0588,17,59.6
66,opening_fade,7,1,0.6,0.35,1,-5.4599,-0.8452,,0.0588,17,59.6
192,opening_fade,30,1,0.6,0.3,1,-5.4599,-0.8452,,0.0588,17,59.6
2,opening_fade,3,1,0.6,0.35,1,-5.4599,-0.8452,,0.0588,17,59.6
138,opening_fade,14,1,0.65,0.4,1,-6.1101,-0.8594,,0.0556,18,56.5
202,opening_fade,30,1,0.65,0.4,1,-6.1101,-0.8594,,0.0556,18,56.5
74,opening_fade,7,1,0.65,0.4,1,-6.1101,-0.8594,,0.0556,18,56.5
10,opening_fade,3,1,0.65,0.4,1,-6.1101,-0.8594,,0.0556,18,56.5
101,opening_fade,7,7,0.6,0.4,7,-2828427124.7462,-1.0,,0.0,8,126.2
114,opening_fade,7,14,0.6,0.35,1,-2828427124.7462,-1.0,,0.0,8,119.4
112,opening_fade,7,14,0.6,0.3,1,-2828427124.7462,-1.0,,0.0,8,119.4
111,opening_fade,7,7,0.7,0.35,7,-2828427124.7462,-1.0,,0.0,8,126.2
107,opening_fade,7,7,0.65,0.4,7,-2828427124.7462,-1.0,,0.0,8,126.2
109,opening_fade,7,7,0.7,0.3,7,-2828427124.7462,-1.0,,0.0,8,126.2
105,opening_fade,7,7,0.65,0.35,7,-2828427124.7462,-1.0,,0.0,8,126.2
115,opening_fade,7,14,0.6,0.35,7,-2828427124.7462,-1.0,,0.0,8,119.4
103,opening_fade,7,7,0.65,0.3,7,-2828427124.7462,-1.0,,0.0,8,126.2
97,opening_fade,7,7,0.6,0.3,7,-2828427124.7462,-1.0,,0.0,8,126.2
99,opening_fade,7,7,0.6,0.35,7,-2828427124.7462,-1.0,,0.0,8,126.2
33,opening_fade,3,7,0.6,0.3,7,-2828427124.7462,-1.0,,0.0,8,126.2
41,opening_fade,3,7,0.65,0.35,7,-2828427124.7462,-1.0,,0.0,8,126.2
37,opening_fade,3,7,0.6,0.4,7,-2828427124.7462,-1.0,,0.0,8,126.2
35,opening_fade,3,7,0.6,0.35,7,-2828427124.7462,-1.0,,0.0,8,126.2
51,opening_fade,3,14,0.6,0.35,7,-2828427124.7462,-1.0,,0.0,8,119.4
50,opening_fade,3,14,0.6,0.35,1,-2828427124.7462,-1.0,,0.0,8,119.4
48,opening_fade,3,14,0.6,0.3,1,-2828427124.7462,-1.0,,0.0,8,119.4
47,opening_fade,3,7,0.7,0.35,7,-2828427124.7462,-1.0,,0.0,8,126.2
39,opening_fade,3,7,0.65,0.3,7,-2828427124.7462,-1.0,,0.0,8,126.2
13,opening_fade,3,1,0.7,0.3,7,-2828427124.7462,-1.0,,0.0,8,120.5
61,opening_fade,3,14,0.7,0.3,7,-2828427124.7462,-1.0,,0.0,8,119.4
9,opening_fade,3,1,0.65,0.35,7,-2828427124.7462,-1.0,,0.0,8,120.5
62,opening_fade,3,14,0.7,0.35,1,-2828427124.7462,-1.0,,0.0,8,119.4
124,opening_fade,7,14,0.7,0.3,1,-2828427124.7462,-1.0,,0.0,8,119.4
205,opening_fade,30,1,0.7,0.3,7,-2828427124.7462,-1.0,,0.0,8,120.5
79,opening_fade,7,1,0.7,0.35,7,-2828427124.7462,-1.0,,0.0,8,120.5
77,opening_fade,7,1,0.7,0.3,7,-2828427124.7462,-1.0,,0.0,8,120.5
7,opening_fade,3,1,0.65,0.3,7,-2828427124.7462,-1.0,,0.0,8,120.5
73,opening_fade,7,1,0.65,0.35,7,-2828427124.7462,-1.0,,0.0,8,120.5
71,opening_fade,7,1,0.65,0.3,7,-2828427124.7462,-1.0,,0.0,8,120.5
241,opening_fade,30,14,0.6,0.3,7,-2828427124.7462,-1.0,,0.0,8,119.4
254,opening_fade,30,14,0.7,0.35,1,-2828427124.7462,-1.0,,0.0,8,119.4
235,opening_fade,30,7,0.65,0.4,7,-2828427124.7462,-1.0,,0.0,8,126.2
233,opening_fade,30,7,0.65,0.35,7,-2828427124.7462,-1.0,,0.0,8,126.2
229,opening_fade,30,7,0.6,0.4,7,-2828427124.7462,-1.0,,0.0,8,126.2
231,opening_fade,30,7,0.65,0.3,7,-2828427124.7462,-1.0,,0.0,8,126.2
15,opening_fade,3,1,0.7,0.35,7,-2828427124.7462,-1.0,,0.0,8,120.5
225,opening_fade,30,7,0.6,0.3,7,-2828427124.7462,-1.0,,0.0,8,126.2
227,opening_fade,30,7,0.6,0.35,7,-2828427124.7462,-1.0,,0.0,8,126.2
255,opening_fade,30,14,0.7,0.35,7,-2828427124.7462,-1.0,,0.0,8,119.4
49,opening_fade,3,14,0.6,0.3,7,-2828427124.7462,-1.0,,0.0,8,119.4
120,opening_fade,7,14,0.65,0.35,1,-2828427124.7462,-1.0,,0.0,8,119.4
118,opening_fade,7,14,0.65,0.3,1,-2828427124.7462,-1.0,,0.0,8,119.4
113,opening_fade,7,14,0.6,0.3,7,-2828427124.7462,-1.0,,0.0,8,119.4
237,opening_fade,30,7,0.7,0.3,7,-2828427124.7462,-1.0,,0.0,8,126.2
184,opening_fade,14,14,0.65,0.35,1,-2828427124.7462,-1.0,,0.0,8,119.4
182,opening_fade,14,14,0.65,0.3,1,-2828427124.7462,-1.0,,0.0,8,119.4
183,opening_fade,14,14,0.65,0.3,7,-2828427124.7462,-1.0,,0.0,8,119.4
179,opening_fade,14,14,0.6,0.35,7,-2828427124.7462,-1.0,,0.0,8,119.4
175,opening_fade,14,7,0.7,0.35,7,-2828427124.7462,-1.0,,0.0,8,126.2
176,opening_fade,14,14,0.6,0.3,1,-2828427124.7462,-1.0,,0.0,8,119.4
178,opening_fade,14,14,0.6,0.35,1,-2828427124.7462,-1.0,,0.0,8,119.4
177,opening_fade,14,14,0.6,0.3,7,-2828427124.7462,-1.0,,0.0,8,119.4
171,opening_fade,14,7,0.65,0.4,7,-2828427124.7462,-1.0,,0.0,8,126.2
173,opening_fade,14,7,0.7,0.3,7,-2828427124.7462,-1.0,,0.0,8,126.2
169,opening_fade,14,7,0.65,0.35,7,-2828427124.7462,-1.0,,0.0,8,126.2
199,opening_fade,30,1,0.65,0.3,7,-2828427124.7462,-1.0,,0.0,8,120.5
165,opening_fade,14,7,0.6,0.4,7,-2828427124.7462,-1.0,,0.0,8,126.2
163,opening_fade,14,7,0.6,0.35,7,-2828427124.7462,-1.0,,0.0,8,126.2
161,opening_fade,14,7,0.6,0.3,7,-2828427124.7462,-1.0,,0.0,8,126.2
121,opening_fade,7,14,0.65,0.35,7,-2828427124.7462,-1.0,,0.0,8,119.4
247,opening_fade,30,14,0.65,0.3,7,-2828427124.7462,-1.0,,0.0,8,119.4
246,opening_fade,30,14,0.65,0.3,1,-2828427124.7462,-1.0,,0.0,8,119.4
243,opening_fade,30,14,0.6,0.35,7,-2828427124.7462,-1.0,,0.0,8,119.4
240,opening_fade,30,14,0.6,0.3,1,-2828427124.7462,-1.0,,0.0,8,119.4
242,opening_fade,30,14,0.6,0.35,1,-2828427124.7462,-1.0,,0.0,8,119.4
239,opening_fade,30,7,0.7,0.35,7,-2828427124.7462,-1.0,,0.0,8,126.2
207,opening_fade,30,1,0.7,0.35,7,-2828427124.7462,-1.0,,0.0,8,120.5
201,opening_fade,30,1,0.65,0.35,7,-2828427124.7462,-1.0,,0.0,8,120.5
167,opening_fade,14,7,0.65,0.3,7,-2828427124.7462,-1.0,,0.0,8,126.2
43,opening_fade,3,7,0.65,0.4,7,-2828427124.7462,-1.0,,0.0,8,126.2
45,opening_fade,3,7,0.7,0.3,7,-2828427124.7462,-1.0,,0.0,8,126.2
253,opening_fade,30,14,0.7,0.3,7,-2828427124.7462,-1.0,,0.0,8,119.4
252,opening_fade,30,14,0.7,0.3,1,-2828427124.7462,-1.0,,0.0,8,119.4
249,opening_fade,30,14,0.65,0.35,7,-2828427124.7462,-1.0,,0.0,8,119.4
248,opening_fade,30,14,0.65,0.35,1,-2828427124.7462,-1.0,,0.0,8,119.4
141,opening_fade,14,1,0.7,0.3,7,-2828427124.7462,-1.0,,0.0,8,120.5
143,opening_fade,14,1,0.7,0.35,7,-2828427124.7462,-1.0,,0.0,8,120.5
137,opening_fade,14,1,0.65,0.35,7,-2828427124.7462,-1.0,,0.0,8,120.5
63,opening_fade,3,14,0.7,0.35,7,-2828427124.7462,-1.0,,0.0,8,119.4
57,opening_fade,3,14,0.65,0.35,7,-2828427124.7462,-1.0,,0.0,8,119.4
185,opening_fade,14,14,0.65,0.35,7,-2828427124.7462,-1.0,,0.0,8,119.4
60,opening_fade,3,14,0.7,0.3,1,-2828427124.7462,-1.0,,0.0,8,119.4
55,opening_fade,3,14,0.65,0.3,7,-2828427124.7462,-1.0,,0.0,8,119.4
54,opening_fade,3,14,0.65,0.3,1,-2828427124.7462,-1.0,,0.0,8,119.4
127,opening_fade,7,14,0.7,0.35,7,-2828427124.7462,-1.0,,0.0,8,119.4
125,opening_fade,7,14,0.7,0.3,7,-2828427124.7462,-1.0,,0.0,8,119.4
126,opening_fade,7,14,0.7,0.35,1,-2828427124.7462,-1.0,,0.0,8,119.4
119,opening_fade,7,14,0.65,0.3,7,-2828427124.7462,-1.0,,0.0,8,119.4
135,opening_fade,14,1,0.65,0.3,7,-2828427124.7462,-1.0,,0.0,8,120.5
191,opening_fade,14,14,0.7,0.35,7,-2828427124.7462,-1.0,,0.0,8,119.4
189,opening_fade,14,14,0.7,0.3,7,-2828427124.7462,-1.0,,0.0,8,119.4
190,opening_fade,14,14,0.7,0.35,1,-2828427124.7462,-1.0,,0.0,8,119.4
188,opening_fade,14,14,0.7,0.3,1,-2828427124.7462,-1.0,,0.0,8,119.4
56,opening_fade,3,14,0.65,0.35,1,-2828427124.7462,-1.0,,0.0,8,119.4
245,opening_fade,30,14,0.6,0.4,7,-3000000000.0,-1.0,,0.0,9,145.1
244,opening_fade,30,14,0.6,0.4,1,-3000000000.0,-1.0,,0.0,9,145.1
53,opening_fade,3,14,0.6,0.4,7,-3000000000.0,-1.0,,0.0,9,145.1
58,opening_fade,3,14,0.65,0.4,1,-3000000000.0,-1.0,,0.0,9,145.1
251,opening_fade,30,14,0.65,0.4,7,-3000000000.0,-1.0,,0.0,9,145.1
250,opening_fade,30,14,0.65,0.4,1,-3000000000.0,-1.0,,0.0,9,145.1
116,opening_fade,7,14,0.6,0.4,1,-3000000000.0,-1.0,,0.0,9,145.1
123,opening_fade,7,14,0.65,0.4,7,-3000000000.0,-1.0,,0.0,9,145.1
186,opening_fade,14,14,0.65,0.4,1,-3000000000.0,-1.0,,0.0,9,145.1
181,opening_fade,14,14,0.6,0.4,7,-3000000000.0,-1.0,,0.0,9,145.1
180,opening_fade,14,14,0.6,0.4,1,-3000000000.0,-1.0,,0.0,9,145.1
59,opening_fade,3,14,0.65,0.4,7,-3000000000.0,-1.0,,0.0,9,145.1
117,opening_fade,7,14,0.6,0.4,7,-3000000000.0,-1.0,,0.0,9,145.1
122,opening_fade,7,14,0.65,0.4,1,-3000000000.0,-1.0,,0.0,9,145.1
187,opening_fade,14,14,0.65,0.4,7,-3000000000.0,-1.0,,0.0,9,145.1
52,opening_fade,3,14,0.6,0.4,1,-3000000000.0,-1.0,,0.0,9,145.1
142,opening_fade,14,1,0.7,0.35,1,-4000000000.0,-1.0,,0.0,16,62.6
140,opening_fade,14,1,0.7,0.3,1,-4000000000.0,-1.0,,0.0,16,62.6
14,opening_fade,3,1,0.7,0.35,1,-4000000000.0,-1.0,,0.0,16,62.6
206,opening_fade,30,1,0.7,0.35,1,-4000000000.0,-1.0,,0.0,16,62.6
70,opening_fade,7,1,0.65,0.3,1,-4000000000.0,-1.0,,0.0,16,62.6
8,opening_fade,3,1,0.65,0.35,1,-4000000000.0,-1.0,,0.0,16,62.6
76,opening_fade,7,1,0.7,0.3,1,-4000000000.0,-1.0,,0.0,16,62.6
72,opening_fade,7,1,0.65,0.35,1,-4000000000.0,-1.0,,0.0,16,62.6
78,opening_fade,7,1,0.7,0.35,1,-4000000000.0,-1.0,,0.0,16,62.6
134,opening_fade,14,1,0.65,0.3,1,-4000000000.0,-1.0,,0.0,16,62.6
136,opening_fade,14,1,0.65,0.35,1,-4000000000.0,-1.0,,0.0,16,62.6
200,opening_fade,30,1,0.65,0.35,1,-4000000000.0,-1.0,,0.0,16,62.6
198,opening_fade,30,1,0.65,0.3,1,-4000000000.0,-1.0,,0.0,16,62.6
204,opening_fade,30,1,0.7,0.3,1,-4000000000.0,-1.0,,0.0,16,62.6
12,opening_fade,3,1,0.7,0.3,1,-4000000000.0,-1.0,,0.0,16,62.6
6,opening_fade,3,1,0.65,0.3,1,-4000000000.0,-1.0,,0.0,16,62.6
