year,ticker,announce_date,surprise_pct,eps_actual,eps_estimate,direction,return
2017,ADANIPOWER,2017-08-10,0.25,-0.24,-0.32,long,0.1479
2017,ADANIPOWER,2017-11-11,1.7143,0.15,-0.21,long,0.0049
2018,ADANIPOWER,2018-05-03,0.6222,-0.34,-0.9,long,-0.2703
2018,ADANIPOWER,2018-08-06,0.4189,-0.43,-0.74,long,0.0677
2018,ADANIPOWER,2018-10-31,1.7143,0.2,-0.28,long,0.1514
2018,RECLTD,2018-05-28,0.2939,3.17,2.45,long,-0.1674
2019,ADANIPOWER,2019-05-29,2.0833,0.26,-0.24,long,0.1687
2019,RECLTD,2019-08-06,0.1826,5.7,4.82,long,0.1071
2020,ADANIPORTS,2020-08-11,0.1407,3.73,3.27,long,0.0028
2020,ADANIPORTS,2020-11-03,0.1308,6.83,6.04,long,0.2554
2020,AMBUJACEM,2020-07-24,0.7405,2.28,1.31,long,0.0651
2020,AMBUJACEM,2020-10-22,0.2402,2.22,1.79,long,0.1142
2020,APOLLOHOSP,2020-09-14,0.5588,-10.72,-24.3,long,0.3058
2020,APOLLOHOSP,2020-11-11,1.8718,2.04,-2.34,long,0.1157
2020,ASIANPAINT,2020-07-24,0.2955,2.28,1.76,long,0.1077
2020,ASIANPAINT,2020-10-22,0.3282,8.66,6.52,long,0.0317
2020,BANKBARODA,2020-10-29,0.3802,3.63,2.63,long,0.288
2020,BEL,2020-11-06,1.0,0.54,0.27,long,0.2559
2020,BERGEPAINT,2020-11-05,0.5447,1.9,1.23,long,0.0338
2020,BOSCHLTD,2020-02-05,0.3826,100.5,72.69,long,-0.1363
2020,BPCL,2020-10-29,0.607,5.93,3.69,long,0.0691
2020,BRITANNIA,2020-07-17,0.3426,22.69,16.9,long,-0.0279
2020,CANBK,2020-08-05,2.4737,0.56,-0.38,long,-0.0064
2020,CANBK,2020-10-29,2.6944,0.61,-0.36,long,0.2739
2020,CHOLAFIN,2020-07-30,1.287,5.26,2.3,long,0.1457
2020,CHOLAFIN,2020-10-29,0.3175,5.27,4.0,long,0.3706
2020,CIPLA,2020-08-07,0.7855,7.16,4.01,long,-0.0865
2020,CIPLA,2020-11-06,0.1755,8.24,7.01,long,-0.002
2020,COLPAL,2020-07-29,0.2398,7.29,5.88,long,-0.0506
2020,DIVISLAB,2020-08-08,0.5476,18.54,11.98,long,0.0116
2020,DIVISLAB,2020-11-07,0.2477,19.34,15.5,long,0.0871
2020,DLF,2020-08-05,0.275,-0.29,-0.4,long,0.0656
2020,DLF,2020-10-30,5.0,1.15,0.04,long,0.2178
2020,DRREDDY,2020-07-29,0.1794,6.97,5.91,long,-0.0568
2020,DRREDDY,2020-10-28,0.2325,9.17,7.44,long,-0.0236
2020,GAIL,2020-11-10,0.2449,1.83,1.47,long,0.353
2020,GRASIM,2020-11-12,5.0,5.48,-1.0,long,0.0823
2020,HAVELLS,2020-07-27,2.9057,1.01,-0.53,long,0.1331
2020,HAVELLS,2020-10-29,1.5441,5.19,2.04,long,0.1302
2020,HINDALCO,2020-02-12,0.78,0.89,0.5,long,-0.4087
2020,HINDALCO,2020-06-12,0.225,1.47,1.2,long,0.1334
2020,HINDALCO,2020-11-09,1.4344,7.79,3.2,long,0.2608
2020,HINDPETRO,2020-08-06,0.5141,12.31,8.13,long,-0.0766
2020,HINDPETRO,2020-11-04,0.4829,10.84,7.31,long,0.0548
2020,ICICIBANK,2020-10-31,0.3159,6.29,4.78,long,0.1499
2020,INDUSINDBK,2020-07-28,0.3307,6.64,4.99,long,0.2082
2020,INDUSINDBK,2020-10-30,0.5801,9.07,5.74,long,0.427
2020,IOC,2020-10-30,1.1422,4.52,2.11,long,0.1294
2020,IRCTC,2020-11-12,2.4643,0.41,-0.28,long,0.0636
2020,JINDALSTEL,2020-07-22,3.1566,1.79,-0.83,long,0.3137
2020,JINDALSTEL,2020-10-30,2.7615,9.78,2.6,long,0.357
2020,JSWENERGY,2020-05-20,1.129,0.66,0.31,long,0.2543
2020,JSWSTEEL,2020-10-23,0.5653,6.59,4.21,long,0.0961
2020,KOTAKBANK,2020-10-26,0.5786,2.21,1.4,long,0.1889
2020,MARICO,2020-07-27,0.2673,2.56,2.02,long,0.0341
2020,MARICO,2020-10-28,0.2594,2.67,2.12,long,0.0393
2020,MARUTI,2020-07-29,0.4605,-8.26,-15.31,long,0.1005
2020,MUTHOOTFIN,2020-08-19,0.3261,17.81,13.43,long,-0.1225
2020,NAUKRI,2020-09-07,0.5341,1.35,0.88,long,0.0432
2020,NTPC,2020-11-02,0.4708,4.03,2.74,long,0.1456
2020,OBEROIRLTY,2020-07-14,0.9942,6.9,3.46,long,-0.0209
2020,OBEROIRLTY,2020-10-17,0.1381,3.79,3.33,long,0.1624
2020,OFSS,2020-02-04,0.2491,53.0,42.43,long,-0.1469
2020,OFSS,2020-08-11,0.9013,55.65,29.27,long,-0.0431
2020,ONGC,2020-09-01,1.8478,0.39,-0.46,long,-0.1392
2020,ONGC,2020-11-13,0.8634,3.0,1.61,long,0.3961
2020,PAGEIND,2020-11-12,0.7224,99.4,57.71,long,0.0986
2020,PIDILITIND,2020-11-04,0.4444,3.51,2.43,long,0.0152
2020,PNB,2020-08-21,1.541,0.33,-0.61,long,-0.1696
2020,PNB,2020-11-02,5.0,0.66,0.04,long,0.2868
2020,POWERGRID,2020-08-10,0.1562,2.96,2.56,long,0.0262
2020,RELIANCE,2020-10-30,0.154,5.02,4.35,long,0.042
2020,SHRIRAMFIN,2020-10-29,0.3865,5.56,4.01,long,0.4856
2020,SIEMENS,2020-11-25,0.5726,9.2,5.85,long,0.0361
2020,SRF,2020-11-04,0.5959,10.98,6.88,long,0.1018
2020,SUNPHARMA,2020-07-31,1.3081,8.24,3.57,long,-0.0085
2020,SUNPHARMA,2020-11-03,0.5556,7.56,4.86,long,0.1266
2020,TATACONSUM,2020-08-04,0.4381,3.02,2.1,long,0.2703
2020,TATACONSUM,2020-11-06,0.3128,2.98,2.27,long,0.1081
2020,TATASTEEL,2020-11-13,5.0,1.28,-0.17,long,0.2724
2020,TECHM,2020-07-27,0.2798,11.07,8.65,long,0.0739
2020,TORNTPHARM,2020-07-30,0.46,9.49,6.5,long,-0.0018
2020,TVSMOTOR,2020-10-29,0.1223,4.13,3.68,long,0.0975
2020,ULTRACEMCO,2020-07-28,0.486,31.4,21.13,long,-0.0293
2020,ULTRACEMCO,2020-10-21,0.319,38.25,29.0,long,0.0586
2020,UPL,2020-07-30,0.7453,7.47,4.28,long,0.0695
2020,UPL,2020-10-30,0.2063,8.36,6.93,long,-0.0086
2020,VEDL,2020-10-03,2.4625,2.77,0.8,long,-0.2652
2020,VOLTAS,2020-08-14,0.225,2.45,2.0,long,0.0907
2020,WIPRO,2020-07-14,0.1413,2.1,1.84,long,0.0513
2020,ZYDUSLIFE,2020-08-05,0.1782,4.43,3.76,long,-0.0484
2020,ZYDUSLIFE,2020-11-02,0.2617,5.64,4.47,long,0.0568
2021,AMBUJACEM,2021-04-29,0.3347,3.35,2.51,long,0.0564
2021,APOLLOHOSP,2021-02-12,0.9706,9.38,4.76,long,-0.0312
2021,APOLLOHOSP,2021-08-13,0.5456,16.94,10.96,long,0.1025
2021,ASIANPAINT,2021-01-21,0.3518,12.91,9.55,long,-0.0817
2021,BANKBARODA,2021-01-27,0.4839,2.3,1.55,long,0.2477
2021,BANKBARODA,2021-11-10,0.4585,4.04,2.77,long,-0.0815
2021,BEL,2021-10-29,0.371,0.85,0.62,long,0.0254
2021,BOSCHLTD,2021-05-20,0.5609,163.4,104.68,long,-0.0135
2021,BPCL,2021-02-09,0.548,7.74,5.0,long,0.1432
2021,BPCL,2021-05-27,1.3927,11.82,4.94,long,-0.0102
2021,BPCL,2021-10-29,0.5385,7.4,4.81,long,-0.1162
2021,CANBK,2021-01-27,3.0435,0.93,0.23,long,0.2241
2021,CANBK,2021-05-18,0.7571,1.23,0.7,long,0.0058
2021,CANBK,2021-07-27,0.402,1.43,1.02,long,0.0573
2021,DLF,2021-07-26,0.5281,1.36,0.89,long,-0.0824
2021,DRREDDY,2021-10-29,0.4478,11.93,8.24,long,-0.0416
2021,GAIL,2021-02-10,0.5852,2.79,1.76,long,0.051
2021,GAIL,2021-06-09,0.7037,3.68,2.16,long,-0.1034
2021,GAIL,2021-10-29,0.3313,4.3,3.23,long,-0.1318
2021,HAVELLS,2021-07-21,0.4385,3.74,2.6,long,0.0927
2021,HINDALCO,2021-08-06,0.434,14.34,10.0,long,0.056
2021,HINDPETRO,2021-02-04,0.5073,10.34,6.86,long,0.0794
2021,HINDPETRO,2021-05-20,1.8316,13.62,4.81,long,0.0935
2021,IOC,2021-05-19,0.6719,6.37,3.81,long,0.0749
2021,IOC,2021-07-30,0.4415,4.31,2.99,long,0.0639
2021,IOC,2021-10-30,0.6739,4.62,2.76,long,-0.0737
2021,IRCTC,2021-01-28,1.2273,0.98,0.44,long,0.3303
2021,JINDALSTEL,2021-01-21,0.679,23.54,14.02,long,0.141
2021,JINDALSTEL,2021-08-10,0.3686,33.9,24.77,long,-0.0434
2021,JSWENERGY,2021-06-25,1.8261,0.65,0.23,long,0.6629
2021,LUPIN,2021-01-28,0.4038,9.7,6.91,long,0.0144
2021,LUPIN,2021-05-12,0.4219,10.11,7.11,long,0.011
2021,NESTLEIND,2021-02-16,5.0,50.12,2.92,long,-0.0183
2021,ONGC,2021-06-24,0.4538,3.78,2.6,long,-0.0535
2021,ONGC,2021-11-12,1.6606,14.58,5.48,long,-0.0551
2021,PAGEIND,2021-11-11,0.3751,143.88,104.63,long,-0.0058
2021,PIDILITIND,2021-08-11,0.3822,2.17,1.57,long,0.0783
2021,PNB,2021-02-05,5.0,0.53,-0.05,long,0.0911
2021,PNB,2021-06-04,1.7273,0.56,-0.77,long,-0.0105
2021,SAIL,2021-01-29,0.6757,3.1,1.85,long,0.2522
2021,SBIN,2021-02-04,0.7219,5.82,3.38,long,-0.0099
2021,SUNPHARMA,2021-01-29,0.4088,7.72,5.48,long,0.0662
2021,TATAPOWER,2021-05-12,0.8415,1.51,0.82,long,0.2148
2021,TATASTEEL,2021-02-09,0.5634,3.33,2.13,long,0.042
2021,TRENT,2021-02-04,2.4651,1.49,0.43,long,0.2839
2021,TRENT,2021-04-30,2.4,1.19,0.35,long,0.0885
2021,TRENT,2021-08-10,0.4249,-1.57,-2.73,long,0.1163
2021,TRENT,2021-11-02,4.1667,2.17,0.42,long,-0.0662
2021,VEDL,2021-01-29,0.3844,8.86,6.4,long,0.2788
2021,VEDL,2021-05-13,1.0073,19.37,9.65,long,0.0045
2021,VOLTAS,2021-02-12,0.3437,3.87,2.88,long,-0.0554
2021,VOLTAS,2021-05-12,0.3624,7.18,5.27,long,0.0427
2021,ZYDUSLIFE,2021-05-27,0.498,7.34,4.9,long,0.0331
2022,ADANIPORTS,2022-11-01,0.5356,7.77,5.06,long,0.0648
2022,AMBUJACEM,2022-07-19,0.7778,5.28,2.97,long,0.142
2022,APOLLOHOSP,2022-08-11,0.5955,22.05,13.82,long,0.041
2022,BANKBARODA,2022-07-30,0.3135,4.19,3.19,long,0.1465
2022,BANKBARODA,2022-11-05,0.2422,6.41,5.16,long,0.1136
2022,BEL,2022-01-28,0.4386,0.82,0.57,long,0.0368
2022,BPCL,2022-01-31,1.892,7.23,2.5,long,-0.0743
2022,BPCL,2022-11-07,0.9138,-0.47,-5.45,long,0.102
2022,CANBK,2022-01-27,0.8936,2.67,1.41,long,-0.0818
2022,CANBK,2022-07-25,0.3598,2.23,1.64,long,0.0764
2022,CANBK,2022-10-20,0.343,2.78,2.07,long,0.1681
2022,COALINDIA,2022-08-10,0.6879,14.33,8.49,long,0.058
2022,COLPAL,2022-05-26,0.302,11.9,9.14,long,-0.0521
2022,DIVISLAB,2022-02-11,0.4645,33.99,23.21,long,0.0281
2022,DIVISLAB,2022-05-23,0.2952,33.7,26.02,long,0.0003
2022,DRREDDY,2022-07-28,0.7415,14.28,8.2,long,0.0283
2022,DRREDDY,2022-10-28,0.517,13.38,8.82,long,0.0111
2022,GAIL,2022-08-04,0.5,4.38,2.92,long,0.028
2022,GODREJPROP,2022-05-03,1.5393,9.37,3.69,long,-0.1251
2022,GRASIM,2022-05-24,0.8575,14.86,8.0,long,-0.039
2022,GRASIM,2022-08-12,0.3215,12.29,9.3,long,0.1352
2022,HINDALCO,2022-08-10,0.2945,18.77,14.5,long,-0.0064
2022,HINDPETRO,2022-05-19,0.3291,8.44,6.35,long,-0.1387
2022,HINDPETRO,2022-11-03,0.5314,-10.21,-21.79,long,0.1292
2022,INDUSINDBK,2022-07-20,0.2712,20.67,16.26,long,0.1231
2022,INDUSTOWER,2022-05-05,0.2692,6.79,5.35,long,0.0692
2022,IOC,2022-10-29,0.85,-0.72,-4.8,long,0.1221
2022,JINDALSTEL,2022-07-15,1.3837,20.5,8.6,long,0.1659
2022,JSWENERGY,2022-05-03,0.4125,2.26,1.6,long,-0.1521
2022,JSWENERGY,2022-07-21,0.43,2.86,2.0,long,0.2813
2022,JSWSTEEL,2022-01-21,0.417,14.17,10.0,long,-0.0124
2022,KOTAKBANK,2022-05-04,0.3547,2.75,2.03,long,0.0389
2022,LICI,2022-11-11,5.0,12.54,0.96,long,0.0887
2022,LUPIN,2022-02-03,0.6897,11.98,7.09,long,-0.1975
2022,MARUTI,2022-04-30,0.2525,60.87,48.6,long,0.0389
2022,NTPC,2022-05-20,0.2636,5.8,4.59,long,-0.0843
2022,OBEROIRLTY,2022-01-28,0.5076,12.86,8.53,long,-0.0279
2022,OBEROIRLTY,2022-07-15,0.4003,11.09,7.92,long,0.1154
2022,ONGC,2022-11-14,0.3821,10.2,7.38,long,0.0866
2022,PAGEIND,2022-05-26,0.3067,170.81,130.72,long,-0.0952
2022,POWERGRID,2022-05-21,1.7527,10.13,3.68,long,-0.0631
2022,SAIL,2022-08-10,0.5932,1.88,1.18,long,0.0548
2022,SBIN,2022-11-05,0.2466,14.86,11.92,long,-0.0126
2022,TATACONSUM,2022-10-20,0.5893,4.45,2.8,long,0.0112
2022,TITAN,2022-02-03,0.2608,11.12,8.82,long,-0.034
2022,TORNTPHARM,2022-05-25,0.4,10.85,7.75,long,-0.0061
2022,TORNTPHARM,2022-07-29,0.604,20.9,13.03,long,0.0054
2022,TRENT,2022-08-11,0.4511,1.93,1.33,long,0.0117
2022,ULTRACEMCO,2022-01-17,0.2674,56.55,44.62,long,-0.0685
2022,UPL,2022-08-01,0.9115,11.66,6.1,long,0.0218
2023,ADANIPORTS,2023-05-30,0.569,11.25,7.17,long,-0.0005
2023,AMBUJACEM,2023-05-02,0.416,3.54,2.5,long,0.1408
2023,ASIANPAINT,2023-07-25,0.2094,16.17,13.37,long,-0.0347
2023,AXISBANK,2023-04-27,4.3467,21.28,3.98,long,0.0802
2023,BANKBARODA,2023-05-16,0.2389,9.23,7.45,long,0.0108
2023,BPCL,2023-07-26,0.2286,24.78,20.17,long,-0.0537
2023,BPCL,2023-10-27,0.7002,19.96,11.74,long,0.2347
2023,BRITANNIA,2023-02-01,0.3398,26.06,19.45,long,-0.0564
2023,CANBK,2023-01-23,0.2231,3.18,2.6,long,-0.1458
2023,CHOLAFIN,2023-11-02,0.6031,9.25,5.77,long,0.0117
2023,COALINDIA,2023-08-08,0.195,12.93,10.82,long,0.2218
2023,COLPAL,2023-05-12,0.2479,11.68,9.36,long,-0.0042
2023,DLF,2023-10-30,0.26,2.52,2.0,long,0.1096
2023,DRREDDY,2023-01-25,0.2682,14.99,11.82,long,0.0238
2023,DRREDDY,2023-07-26,0.3164,16.85,12.8,long,0.0478
2023,DRREDDY,2023-10-27,0.1993,17.81,14.85,long,0.0682
2023,GAIL,2023-10-31,0.2365,3.66,2.96,long,0.1559
2023,GRASIM,2023-02-14,0.2001,38.27,31.89,long,-0.0262
2023,GRASIM,2023-08-10,5.0,5.41,0.7,long,0.018
2023,HAL,2023-02-09,0.4689,17.26,11.75,long,0.1615
2023,HAL,2023-05-12,0.332,42.49,31.9,long,0.2276
2023,HAL,2023-08-11,0.7807,12.18,6.84,long,0.0264
2023,HINDALCO,2023-05-24,0.2065,3.74,3.1,long,0.0249
2023,HINDALCO,2023-08-08,0.2826,11.03,8.6,long,0.0211
2023,HINDPETRO,2023-05-12,0.2237,15.15,12.38,long,0.0618
2023,HINDPETRO,2023-08-02,0.3148,29.15,22.17,long,-0.065
2023,HINDPETRO,2023-11-06,0.7478,24.05,13.76,long,0.3738
2023,IOC,2023-07-28,0.7733,10.48,5.91,long,-0.033
2023,JINDALSTEL,2023-08-10,0.4819,13.93,9.4,long,0.0242
2023,JINDALSTEL,2023-10-31,0.1988,13.81,11.52,long,0.1821
2023,JSWENERGY,2023-10-20,0.3605,5.17,3.8,long,0.1101
2023,JSWSTEEL,2023-05-19,0.3191,11.74,8.9,long,0.0759
2023,JSWSTEEL,2023-07-21,0.8553,7.05,3.8,long,0.0277
2023,KOTAKBANK,2023-04-29,0.1837,3.48,2.94,long,0.0036
2023,LICI,2023-05-24,5.0,10.43,0.7,long,0.0194
2023,LICI,2023-08-10,0.27,7.62,6.0,long,0.0281
2023,LT,2023-07-25,0.1836,17.73,14.98,long,0.0074
2023,LUPIN,2023-08-03,0.6639,9.9,5.95,long,0.0304
2023,LUPIN,2023-11-08,0.33,10.72,8.06,long,0.0198
2023,MARUTI,2023-01-24,0.2512,77.84,62.21,long,-0.0151
2023,NTPC,2023-01-28,0.7474,6.64,3.8,long,0.0458
2023,NTPC,2023-10-28,0.2263,4.01,3.27,long,0.1111
2023,OBEROIRLTY,2023-02-08,0.9437,19.32,9.94,long,0.0194
2023,OBEROIRLTY,2023-05-16,0.7997,13.21,7.34,long,0.1077
2023,OBEROIRLTY,2023-10-27,0.4387,12.56,8.73,long,0.2547
2023,RECLTD,2023-10-31,0.3779,14.33,10.4,long,0.3356
2023,SAIL,2023-05-25,2.2727,2.88,0.88,long,0.0276
2023,SAIL,2023-11-10,0.875,3.0,1.6,long,0.1696
2023,SHRIRAMFIN,2023-01-31,0.318,9.45,7.17,long,-0.063
2023,SIEMENS,2023-02-14,0.415,12.99,9.18,long,0.0179
2023,SIEMENS,2023-05-11,0.1968,13.26,11.08,long,-0.0608
2023,SUNPHARMA,2023-05-26,0.1933,8.95,7.5,long,0.0541
2023,TATASTEEL,2023-02-06,5.0,2.21,0.2,long,-0.0302
2023,TATASTEEL,2023-05-02,2.5909,1.4,-0.88,long,-0.0165
2023,TRENT,2023-02-08,0.2038,3.13,2.6,long,-0.0143
2023,TRENT,2023-11-07,1.3921,5.43,2.27,long,0.1574
2023,VEDL,2023-07-21,2.1808,10.91,3.43,long,-0.1237
2023,VEDL,2023-11-03,2.8543,9.52,2.47,long,0.0691
2023,ZYDUSLIFE,2023-08-11,0.4359,10.87,7.57,long,0.0015
2024,ADANIENT,2024-02-01,4.3974,16.57,3.07,long,0.0496
2024,ADANIENT,2024-08-01,0.268,12.3,9.7,long,-0.0386
2024,ADANIPORTS,2024-08-01,0.4049,14.99,10.67,long,-0.0599
2024,BAJAJFINSV,2024-01-30,0.5039,13.4,8.91,long,-0.0095
2024,BANKBARODA,2024-10-25,0.2339,10.13,8.21,long,-0.0149
2024,BEL,2024-05-20,0.2261,2.44,1.99,long,0.1367
2024,BEL,2024-10-25,0.2213,1.49,1.22,long,0.1371
2024,BHARTIARTL,2024-08-05,0.4507,7.95,5.48,long,0.0768
2024,BPCL,2024-01-29,0.4025,7.98,5.69,long,0.1966
2024,BPCL,2024-07-19,0.3296,7.06,5.31,long,0.1748
2024,CHOLAFIN,2024-01-25,0.2494,10.42,8.34,long,-0.1309
2024,COALINDIA,2024-02-12,0.2267,14.72,12.0,long,-0.0446
2024,COALINDIA,2024-07-31,0.3449,17.78,13.22,long,-0.0275
2024,DIVISLAB,2024-05-25,0.2736,20.25,15.9,long,0.0672
2024,DLF,2024-05-13,0.4308,3.72,2.6,long,0.0407
2024,DLF,2024-10-25,0.7276,5.58,3.23,long,-0.0
2024,GAIL,2024-01-29,0.2819,4.32,3.37,long,0.0917
2024,GAIL,2024-07-30,0.1795,4.14,3.51,long,-0.0146
2024,GODREJPROP,2024-05-03,1.1871,16.95,7.75,long,-0.0624
2024,GODREJPROP,2024-07-31,1.6154,18.7,7.15,long,-0.0781
2024,GODREJPROP,2024-10-23,1.7386,12.05,4.4,long,0.0054
2024,GRASIM,2024-05-22,0.8,4.14,2.3,long,0.024
2024,HAL,2024-02-12,0.1671,18.86,16.16,long,0.0902
2024,HAL,2024-05-16,0.6674,64.18,38.49,long,0.2201
2024,HAL,2024-08-14,0.5134,21.49,14.2,long,-0.0345
2024,HAVELLS,2024-04-30,0.2239,7.16,5.85,long,0.1296
2024,HINDALCO,2024-02-13,0.2161,3.77,3.1,long,0.0477
2024,HINDALCO,2024-05-24,0.6711,6.35,3.8,long,-0.0056
2024,HINDALCO,2024-08-13,0.1804,6.61,5.6,long,0.0824
2024,HINDALCO,2024-11-11,0.5596,8.5,5.45,long,0.0252
2024,INDUSTOWER,2024-04-30,0.2486,6.88,5.51,long,0.0303
2024,INDUSTOWER,2024-07-30,0.1664,7.15,6.13,long,0.0575
2024,INDUSTOWER,2024-10-22,0.3133,8.3,6.32,long,-0.0766
2024,IOC,2024-01-24,0.7587,6.56,3.73,long,0.2342
2024,IOC,2024-07-30,0.3714,1.92,1.4,long,-0.0269
2024,JINDALSTEL,2024-01-31,0.5656,19.21,12.27,long,0.1296
2024,JINDALSTEL,2024-07-24,0.195,14.46,12.1,long,0.0522
2024,JINDALSTEL,2024-11-06,0.2264,8.83,7.2,long,0.0197
2024,JSWENERGY,2024-07-19,0.6129,3.0,1.86,long,0.0132
2024,JSWSTEEL,2024-07-19,0.2974,4.93,3.8,long,0.0409
2024,KOTAKBANK,2024-05-04,0.2047,4.12,3.42,long,0.0567
2024,LICI,2024-05-27,1.3291,10.9,4.68,long,-0.0249
2024,LUPIN,2024-02-07,0.4785,13.41,9.07,long,0.0427
2024,LUPIN,2024-08-06,0.3529,17.52,12.95,long,0.1304
2024,LUPIN,2024-11-07,0.1542,18.64,16.15,long,-0.001
2024,OBEROIRLTY,2024-05-14,0.8697,21.67,11.59,long,0.2124
2024,OBEROIRLTY,2024-07-19,0.2081,16.08,13.31,long,0.0006
2024,ONGC,2024-05-20,0.1894,7.85,6.6,long,-0.0305
2024,ONGC,2024-11-11,0.2878,9.53,7.4,long,0.0151
2024,PAGEIND,2024-11-07,0.1933,175.06,146.7,long,-0.0349
2024,PNB,2024-10-28,0.2264,3.9,3.18,long,0.0479
2024,RECLTD,2024-04-30,0.182,15.13,12.8,long,0.0904
2024,SAIL,2024-05-20,2.663,3.37,0.92,long,-0.1175
2024,SAIL,2024-08-08,0.6667,2.45,1.47,long,-0.0121
2024,SAIL,2024-11-07,5.0,2.17,0.2,long,0.066
2024,SBIN,2024-05-09,0.4752,23.19,15.72,long,0.0337
2024,SBIN,2024-11-08,0.2026,20.54,17.08,long,0.0155
2024,SIEMENS,2024-05-14,0.6351,25.18,15.4,long,0.0932
2024,SUNPHARMA,2024-05-22,0.1735,11.5,9.8,long,-0.0014
2024,TATACONSUM,2024-04-23,0.1858,4.34,3.66,long,-0.0049
2024,TATACONSUM,2024-10-18,0.1576,4.04,3.49,long,-0.1046
2024,TECHM,2024-10-18,0.2511,14.1,11.27,long,0.0086
2024,TRENT,2024-04-29,0.2189,4.51,3.7,long,0.0542
2024,TRENT,2024-08-09,0.1655,6.41,5.5,long,0.1191
2024,ULTRACEMCO,2024-04-29,0.2222,80.03,65.48,long,-0.0113
2024,UPL,2024-05-13,0.7812,-0.84,-3.84,long,0.0924
2024,VEDL,2024-01-25,0.7355,5.38,3.1,long,-0.0191
2024,VEDL,2024-08-06,0.5726,9.64,6.13,long,0.0626
2024,VEDL,2024-11-08,0.2239,8.2,6.7,long,0.1265
2024,VOLTAS,2024-08-11,0.3015,10.1,7.76,long,0.1545
2024,ZYDUSLIFE,2024-05-17,0.1922,11.66,9.78,long,-0.0007
2025,ADANIPORTS,2025-05-01,0.1718,14.05,11.99,long,0.1612
2025,ADANIPOWER,2025-10-30,0.1418,1.53,1.34,long,-0.0676
2025,AMBUJACEM,2025-01-29,2.0254,7.14,2.36,long,-0.0751
2025,AMBUJACEM,2025-11-03,0.7068,6.52,3.82,long,-0.0548
2025,APOLLOHOSP,2025-08-12,0.1493,30.1,26.19,long,0.0087
2025,BAJAJFINSV,2025-04-29,0.1886,15.0,12.62,long,0.0327
2025,BANKBARODA,2025-10-31,0.1425,9.3,8.14,long,-0.0154
2025,BEL,2025-01-30,0.2929,1.81,1.4,long,-0.1215
2025,BHARTIARTL,2025-05-13,0.4098,18.61,13.2,long,0.0024
2025,BPCL,2025-04-29,0.2227,10.65,8.71,long,0.0259
2025,BPCL,2025-10-31,0.2801,15.08,11.78,long,-0.0049
2025,CANBK,2025-05-08,0.2079,5.52,4.57,long,0.2043
2025,CANBK,2025-10-30,0.19,5.26,4.42,long,0.0976
2025,CIPLA,2025-01-28,0.3137,19.43,14.79,long,-0.0126
2025,CIPLA,2025-05-13,0.1721,15.12,12.9,long,0.006
2025,COALINDIA,2025-05-07,0.1662,15.58,13.36,long,0.0393
2025,DIVISLAB,2025-02-03,0.1847,22.39,18.9,long,-0.0875
2025,DIVISLAB,2025-11-07,0.1693,25.97,22.21,long,-0.0603
2025,DLF,2025-01-24,0.3682,5.5,4.02,long,-0.0884
2025,DLF,2025-05-19,0.9257,5.18,2.69,long,0.1137
2025,EICHERMOT,2025-07-31,0.1777,47.58,40.4,long,0.135
2025,GODREJPROP,2025-08-01,2.6218,19.92,5.5,long,-0.0421
2025,GODREJPROP,2025-11-06,0.4054,13.45,9.57,long,-0.0792
2025,GRASIM,2025-08-08,0.6298,-1.74,-4.7,long,0.0124
2025,HAL,2025-02-12,0.1701,21.53,18.4,long,-0.0544
2025,HAL,2025-05-14,0.2495,59.19,47.37,long,0.0399
2025,HAL,2025-08-12,0.1994,20.69,17.25,long,0.0514
2025,HINDALCO,2025-05-20,0.2069,23.74,19.67,long,-0.0219
2025,HINDALCO,2025-08-12,0.5792,8.37,5.3,long,0.0812
2025,HINDPETRO,2025-05-06,0.2616,15.77,12.5,long,0.0244
2025,HINDPETRO,2025-10-29,0.2667,18.0,14.21,long,-0.0289
2025,ICICIPRULI,2025-04-15,0.2045,2.65,2.2,long,0.049
2025,INDUSTOWER,2025-01-23,0.9177,15.15,7.9,long,-0.1036
2025,IOC,2025-10-27,0.42,5.68,4.0,long,0.0591
2025,JINDALSTEL,2025-01-30,0.291,11.49,8.9,long,0.0783
2025,JINDALSTEL,2025-10-28,0.3324,9.06,6.8,long,-0.0255
2025,JSWENERGY,2025-05-15,0.5,2.34,1.56,long,0.0209
2025,JSWSTEEL,2025-05-23,1.2415,11.88,5.3,long,-0.0086
2025,LICI,2025-02-07,0.1417,8.7,7.62,long,-0.0806
2025,LICI,2025-05-27,0.7063,15.05,8.82,long,0.0157
2025,LICI,2025-11-06,0.2311,7.99,6.49,long,-0.0731
2025,LUPIN,2025-08-05,0.1469,26.62,23.21,long,0.0487
2025,LUPIN,2025-11-06,0.2411,32.28,26.01,long,0.0492
2025,MARUTI,2025-07-31,0.1945,118.06,98.84,long,0.2091
2025,MUTHOOTFIN,2025-08-13,0.2414,50.97,41.06,long,0.0641
2025,MUTHOOTFIN,2025-11-13,0.1932,58.42,48.96,long,0.0341
2025,NAUKRI,2025-02-05,0.2353,4.83,3.91,long,-0.1827
2025,NTPC,2025-07-29,0.1714,4.92,4.2,long,-0.0342
2025,OBEROIRLTY,2025-10-15,0.3028,20.91,16.05,long,0.0347
2025,PAGEIND,2025-05-15,0.2491,147.04,117.72,long,-0.043
2025,PNB,2025-10-18,0.1572,4.27,3.69,long,0.0579
2025,RELIANCE,2025-04-25,0.2953,8.29,6.4,long,0.0312
2025,RELIANCE,2025-07-18,0.7408,13.23,7.6,long,-0.008
2025,SAIL,2025-05-28,0.6649,3.08,1.85,long,0.0146
2025,SAIL,2025-10-29,4.4,1.62,0.3,long,-0.0156
2025,SIEMENS,2025-05-12,0.1966,14.0,11.7,long,0.1193
2025,TATASTEEL,2025-01-27,2.6471,0.28,-0.17,long,0.0773
2025,TRENT,2025-04-29,0.2331,6.56,5.32,long,0.0901
2025,TRENT,2025-08-05,0.1766,7.93,6.74,long,0.0311
2025,ULTRACEMCO,2025-01-23,0.1816,50.94,43.11,long,-0.0225
2025,UPL,2025-01-31,5.0,10.59,1.3,long,0.02
2025,UPL,2025-08-01,0.5738,-1.79,-4.2,long,0.0045
2025,UPL,2025-11-06,0.1475,8.09,7.05,long,-0.0118
2026,ADANIPOWER,2026-04-29,1.2857,2.08,0.91,long,0.0461
2026,AMBUJACEM,2026-05-04,2.4876,7.01,2.01,long,-0.0166
2026,BAJAJFINSV,2026-04-30,0.7955,15.8,8.8,long,0.0057
2026,BAJFINANCE,2026-02-03,0.172,8.79,7.5,long,-0.0146
2026,BANKBARODA,2026-05-08,0.183,10.86,9.18,long,0.0442
2026,BERGEPAINT,2026-05-12,0.1435,2.63,2.3,long,0.0137
2026,BHARTIARTL,2026-05-13,0.3318,16.98,12.75,long,-0.0235
2026,BPCL,2026-05-19,0.6202,15.1,9.32,long,0.0427
2026,CHOLAFIN,2026-04-30,0.1352,19.23,16.94,long,-0.0458
2026,COALINDIA,2026-04-26,0.2156,17.59,14.47,long,0.0223
2026,GODREJPROP,2026-05-04,0.4693,21.57,14.68,long,-0.0647
2026,HAL,2026-05-14,0.2621,62.74,49.71,long,-0.0241
2026,HAVELLS,2026-04-22,0.4534,11.7,8.05,long,-0.0411
2026,HDFCBANK,2026-01-17,0.1516,12.08,10.49,long,-0.0044
2026,HINDALCO,2026-02-12,0.1749,13.57,11.55,long,0.0124
2026,HINDPETRO,2026-05-13,2.5446,23.04,6.5,long,0.0628
2026,ICICIPRULI,2026-04-14,0.6719,4.28,2.56,long,-0.0467
2026,INDUSINDBK,2026-01-23,5.0,1.59,-0.05,long,0.0771
2026,INDUSINDBK,2026-04-24,1.3812,7.62,3.2,long,0.0347
2026,IOC,2026-05-18,0.4094,10.5,7.45,long,0.0813
2026,JINDALSTEL,2026-05-01,1.1306,18.11,8.5,long,-0.0407
2026,JSWENERGY,2026-01-23,0.8912,2.78,1.47,long,0.1322
2026,JSWENERGY,2026-05-11,1.9155,2.07,0.71,long,0.0688
2026,JSWSTEEL,2026-05-14,0.1367,8.98,7.9,long,0.0128
2026,KOTAKBANK,2026-05-02,0.1473,4.05,3.53,long,0.0242
2026,LICI,2026-02-05,0.2167,10.22,8.4,long,-0.1079
2026,LT,2026-05-05,0.1803,38.43,32.56,long,-0.0052
2026,LUPIN,2026-02-12,0.1626,32.18,27.68,long,0.0404
2026,LUPIN,2026-05-07,0.2442,34.75,27.93,long,-0.0535
2026,MUTHOOTFIN,2026-02-12,0.1466,66.16,57.7,long,-0.0638
2026,MUTHOOTFIN,2026-05-14,0.2041,76.88,63.85,long,-0.0467
2026,NESTLEIND,2026-04-21,0.3363,5.92,4.43,long,0.0186
2026,OFSS,2026-04-22,0.1955,96.36,80.6,long,0.1343
2026,ONGC,2026-02-12,0.1565,6.65,5.75,long,-0.0041
2026,PNB,2026-05-05,0.1942,4.55,3.81,long,-0.0312
2026,POWERGRID,2026-05-15,0.9185,8.94,4.66,long,-0.0354
2026,SAIL,2026-05-15,0.5015,5.03,3.35,long,-0.0692
2026,SBIN,2026-02-07,0.204,22.78,18.92,long,-0.0489
2026,SRF,2026-01-20,0.2506,16.97,13.57,long,0.0054
2026,SUNPHARMA,2026-01-31,0.216,15.48,12.73,long,0.0813
2026,TRENT,2026-02-03,0.1973,12.38,10.34,long,-0.0732
2026,TRENT,2026-04-22,0.2256,8.53,6.96,long,0.0104
2026,ULTRACEMCO,2026-01-24,0.3682,53.36,39.0,long,0.0266
2026,ZYDUSLIFE,2026-05-19,0.7032,15.84,9.3,long,0.0278
